componente,magnitud_entrada,valor,unidad,origen,tipo_A_B,distribucion,divisor,coeficiente_sensibilidad,u_estandar_entrada,contribucion_nmol_mol,varianza,participacion_pct,correlacion_grupo,incluida_en_otra_fuente,normativa_o_didactica,observacion
Repetibilidad a concentración,repetibilidad escalada,0.09,nmol/mol,EN 14211:2012 Anexo F,A,normal,1,1,0.09,0.09,0.0081,,canales,NO,normativa,Valor reconstruido del ejemplo informativo
Falta de ajuste,residuo máximo,1.56,nmol/mol,EN 14211:2012 Anexo F,B,rectangular,1.732050808,1,0.90,0.90,0.81,,ajuste,NO,normativa,1.5 % de 104 dividido por raíz de 3
Promediación,efecto máximo,4.68,nmol/mol,EN 14211:2012 Anexo F,B,rectangular,1.732050808,1,2.70,2.70,7.29,,tiempo,NO,normativa,4.5 % de 104 dividido por raíz de 3
Reproducibilidad de campo,reproducibilidad,3.224,nmol/mol,EN 14211:2012 Anexo F,A,normal,1,1,3.22,3.22,10.3684,,campo,NO,normativa,3.1 % de 104
Eficiencia del convertidor,eficiencia,0.02,fracción,EN 14211:2012 Anexo F,B,normal,1,104,0.02,2.08,4.3264,,convertidor,NO,normativa,Tratamiento del ejemplo; revisar valor de campo
Gas de calibración,incertidumbre expandida,4,%,EN 14211:2012 Anexo F,B,normal,2,1.04,2.00,2.08,4.3264,,patron,NO,normativa,U=4 % con k=2
Canal NOx,indicación NOx,205,nmol/mol,caso diferencial,A,normal,1,1,1.2,1.2,1.44,,canal_compartido,NO,didactica,Usar con fila Canal NO y covarianza
Canal NO,indicación NO,200,nmol/mol,caso diferencial,A,normal,1,-1,1.0,-1.0,1.00,,canal_compartido,NO,didactica,Signo requerido para término de covarianza
Eficiencia eta,eficiencia convertidor,0.97,fracción,caso diferencial,B,normal,1,-5.314,0.01,-0.0531,0.0028,,convertidor,NO,didactica,Coeficiente para diferencia de 5 nmol/mol
