Date Time,NO (Invitado1),NO2 (Invitado1),NOx (Invitado1),tiempo
07/16/26 08:00,0.188,-0.733,-0.6,00:00
07/16/26 08:01,0.133,-0.7,-0.6,00:01
07/16/26 08:02,0.125,-0.7,-0.512,00:02
07/16/26 08:03,0.142,-0.7,-0.575,00:03
07/16/26 08:04,0.123,-0.723,-0.6,00:04
07/16/26 08:05,0.168,-0.727,-0.6,00:05
07/16/26 08:06,0.167,-0.7,-0.6,00:06
07/16/26 08:07,0.155,-0.7,-0.533,00:07
07/16/26 08:08,0.2,-0.722,-0.522,00:08
07/16/26 08:09,0.178,-0.778,-0.6,00:09
07/16/26 08:10,0.1,-0.7,-0.6,00:10
07/16/26 08:11,0.1,-0.675,-0.575,00:11
07/16/26 08:12,0.1,-0.578,-0.5,00:12
07/16/26 08:13,0.035,-0.5,-0.5,00:13
07/16/26 08:14,0,-0.555,-0.555,00:14
07/16/26 08:15,0,-0.533,-0.6,00:15
07/16/26 08:16,0,-0.5,-0.512,00:16
07/16/26 08:17,0,-0.5,-0.5,00:17
07/16/26 08:18,0,-0.5,-0.5,00:18
07/16/26 08:19,0.075,-0.608,-0.575,00:19
07/16/26 08:20,0.1,-0.633,-0.6,00:20
07/16/26 08:21,0.082,-0.6,-0.525,00:21
07/16/26 08:22,0.1,-0.6,-0.5,00:22
07/16/26 08:23,0.1,-0.6,-0.5,00:23
07/16/26 08:24,0.1,-0.6,-0.5,00:24
07/16/26 08:25,0.1,-0.577,-0.477,00:25
07/16/26 08:26,0.1,-0.557,-0.423,00:26
07/16/26 08:27,0.142,-0.6,-0.448,00:27
07/16/26 08:28,0.2,-0.657,-0.5,00:28
07/16/26 08:29,0.125,-0.625,-0.5,00:29
07/16/26 08:30,0.167,-0.633,-0.5,00:30
07/16/26 08:31,0.175,-0.675,-0.5,00:31
07/16/26 08:32,0.2,-0.7,-0.5,00:32
07/16/26 08:33,0.2,-0.7,-0.5,00:33
07/16/26 08:34,0.257,-0.7,-0.477,00:34
07/16/26 08:35,0.3,-0.667,-0.4,00:35
07/16/26 08:36,0.233,-0.7,-0.457,00:36
07/16/26 08:37,0.3,-0.775,-0.5,00:37
07/16/26 08:38,0.277,-0.8,-0.5,00:38
07/16/26 08:39,0.2,-0.777,-0.5,00:39
07/16/26 08:40,0.2,-0.7,-0.5,00:40
07/16/26 08:41,0.2,-0.7,-0.5,00:41
07/16/26 08:42,0.2,-0.7,-0.533,00:42
07/16/26 08:43,0.143,-0.625,-0.467,00:43
07/16/26 08:44,0.1,-0.6,-0.5,00:44
07/16/26 08:45,0.1,-0.6,-0.5,00:45
07/16/26 08:46,0.1,-0.69,-0.557,00:46
07/16/26 08:47,0.1,-0.7,-0.6,00:47
07/16/26 08:48,0.1,-0.7,-0.6,00:48
07/16/26 08:49,0.058,-0.757,-0.698,00:49
07/16/26 08:50,0,-0.8,-0.8,00:50
07/16/26 08:51,-0.075,-0.725,-0.8,00:51
07/16/26 08:52,-0.157,-0.677,-0.8,00:52
07/16/26 08:53,-0.2,-0.627,-0.883,00:53
07/16/26 08:54,-0.29,-0.6,-0.9,00:54
07/16/26 08:55,-0.3,-0.675,-0.975,00:55
07/16/26 08:56,-0.3,-0.667,-0.967,00:56
07/16/26 08:57,-0.3,-0.648,-0.948,00:57
07/16/26 08:58,-0.243,-0.7,-0.943,00:58
07/16/26 08:59,-0.2,-0.7,-0.9,00:59
07/16/26 09:00,-0.2,-0.7,-0.9,01:00
07/16/26 23:01,26.4,148.9,175.283,01:01
07/16/26 23:02,29.652,154.652,184.37,01:02
07/16/26 23:03,29.983,154.875,184.85,01:03
07/16/26 23:04,30.328,154.818,185.105,01:04
07/16/26 23:05,30.675,154.625,185.3,01:05
07/16/26 23:06,31.033,154.667,185.7,01:06
07/16/26 23:07,31.508,154.55,186.058,01:07
07/16/26 23:08,31.908,154.635,186.532,01:08
07/16/26 23:09,32.267,154.6,186.892,01:09
07/16/26 23:10,32.55,154.417,187.035,01:10
07/16/26 23:11,32.623,154.477,187.1,01:11
07/16/26 23:12,32.7,154.532,187.232,01:12
07/16/26 23:13,32.8,154.458,187.292,01:13
07/16/26 23:14,32.958,154.483,187.442,01:14
07/16/26 23:15,33.078,154.23,187.322,01:15
07/16/26 23:16,33.075,154.317,187.383,01:16
07/16/26 23:17,33.103,154.322,187.467,01:17
07/16/26 23:18,33.2,154.217,187.417,01:18
07/16/26 23:19,33.225,154.212,187.457,01:19
07/16/26 23:20,33.3,154.233,187.467,01:20
07/16/26 23:21,33.275,154.382,187.623,01:21
07/16/26 23:22,33.225,154.5,187.758,01:22
07/16/26 23:23,33.358,154.457,187.8,01:23
07/16/26 23:24,33.4,154.342,187.767,01:24
07/16/26 23:25,33.445,154.515,187.962,01:25
07/16/26 23:26,33.5,154.542,188.075,01:26
07/16/26 23:27,33.5,154.467,187.967,01:27
07/16/26 23:28,33.5,154.442,187.942,01:28
07/16/26 23:29,33.422,154.453,187.875,01:29
07/16/26 23:30,33.317,154.417,187.758,01:30
07/16/26 23:31,33.142,154.678,187.842,01:31
07/16/26 23:32,33.1,154.483,187.617,01:32
07/16/26 23:33,33.055,154.657,187.678,01:33
07/16/26 23:34,32.975,154.617,187.558,01:34
07/16/26 23:35,32.848,154.578,187.427,01:35
07/16/26 23:36,32.842,154.517,187.367,01:36
07/16/26 23:37,32.755,154.678,187.412,01:37
07/16/26 23:38,32.733,154.792,187.525,01:38
07/16/26 23:39,32.675,154.638,187.28,01:39
07/16/26 23:40,32.542,154.525,187.1,01:40
07/16/26 23:41,32.5,154.6,187.1,01:41
07/16/26 23:42,32.475,154.533,187.033,01:42
07/16/26 23:43,32.4,154.652,187.075,01:43
07/16/26 23:44,32.375,154.4,186.717,01:44
07/16/26 23:45,32.222,154.147,186.322,01:45
07/16/26 23:46,32.2,154.25,186.475,01:46
07/16/26 23:47,32.122,154.322,186.488,01:47
07/16/26 23:48,32.133,154.242,186.408,01:48
07/16/26 23:49,32.133,154.218,186.375,01:49
07/16/26 23:50,32.192,153.958,186.117,01:50
07/16/26 23:51,32.2,154.008,186.208,01:51
07/16/26 23:52,32.35,154.15,186.5,01:52
07/16/26 23:53,32.458,154.07,186.495,01:53
07/16/26 23:54,32.558,153.917,186.508,01:54
07/16/26 23:55,32.677,153.782,186.458,01:55
07/16/26 23:56,32.7,153.917,186.617,01:56
07/16/26 23:57,32.778,153.975,186.753,01:57
07/16/26 23:58,32.742,153.908,186.65,01:58
07/16/26 23:59,32.675,153.852,186.552,01:59
07/16/26 24:00,32.658,153.833,186.475,02:00
07/17/26 00:01,32.7,153.83,186.542,02:01
07/17/26 00:02,32.792,153.675,186.433,02:02
07/17/26 00:03,32.858,153.55,186.428,02:03
07/17/26 00:04,32.925,153.65,186.6,02:04
07/17/26 00:05,33.077,153.66,186.727,02:05
07/17/26 00:06,33.158,153.708,186.9,02:06
07/17/26 00:07,33.2,153.952,187.127,02:07
07/17/26 00:08,33.167,154.25,187.442,02:08
07/17/26 00:09,33.2,154.537,187.737,02:09
07/17/26 00:10,33.225,154.458,187.717,02:10
07/17/26 00:11,33.242,154.573,187.84,02:11
07/17/26 00:12,33.292,154.583,187.858,02:12
07/17/26 00:13,33.325,154.528,187.857,02:13
07/17/26 00:14,33.367,154.375,187.783,02:14
07/17/26 00:15,33.38,154.217,187.597,02:15
07/17/26 00:16,33.4,153.983,187.383,02:16
07/17/26 00:17,33.458,153.9,187.378,02:17
07/17/26 00:18,33.558,154.042,187.6,02:18
07/17/26 00:19,33.6,154.345,187.97,02:19
07/17/26 00:20,33.6,154.292,187.9,02:20
07/17/26 00:21,33.702,154.433,188.11,02:21
07/17/26 00:22,33.8,154.517,188.308,02:22
07/17/26 00:23,33.8,154.653,188.487,02:23
07/17/26 00:24,33.742,154.842,188.583,02:24
07/17/26 00:25,33.622,154.797,188.452,02:25
07/17/26 00:26,33.517,154.667,188.208,02:26
07/17/26 00:27,33.478,154.563,188.063,02:27
07/17/26 00:28,33.417,154.608,188.025,02:28
07/17/26 00:29,33.242,154.883,188.125,02:29
07/17/26 00:30,33.2,154.942,188.142,02:30
07/17/26 00:31,33.147,154.817,187.963,02:31
07/17/26 00:32,33.108,154.608,187.692,02:32
07/17/26 00:33,33.1,154.575,187.653,02:33
07/17/26 00:34,33.042,154.533,187.542,02:34
07/17/26 00:35,32.922,154.24,187.162,02:35
07/17/26 00:36,32.842,154.033,186.85,02:36
07/17/26 00:37,32.775,153.935,186.688,02:37
07/17/26 00:38,32.675,154.083,186.725,02:38
07/17/26 00:39,32.575,154.258,186.853,02:39
07/17/26 00:40,32.567,154.233,186.8,02:40
07/17/26 00:41,32.442,154.35,186.805,02:41
07/17/26 00:42,32.375,154.65,187.017,02:42
07/17/26 00:43,32.378,154.705,187.08,02:43
07/17/26 00:44,32.4,154.625,187.05,02:44
07/17/26 00:45,32.4,154.467,186.867,02:45
07/17/26 00:46,32.4,154.3,186.7,02:46
07/17/26 00:47,32.298,154.287,186.57,02:47
07/17/26 00:48,32.292,154.067,186.383,02:48
07/17/26 00:49,32.3,153.743,186.065,02:49
07/17/26 00:50,32.3,153.725,186.025,02:50
07/17/26 00:51,32.325,153.742,186.067,02:51
07/17/26 00:52,32.4,153.758,186.158,02:52
07/17/26 00:53,32.425,153.95,186.395,02:53
07/17/26 00:54,32.65,154.025,186.675,02:54
07/17/26 00:55,32.758,154.055,186.805,02:55
07/17/26 00:56,32.917,154.067,186.992,02:56
07/17/26 00:57,33.058,153.888,186.947,02:57
07/17/26 00:58,33.1,154.017,187.05,02:58
07/17/26 00:59,33.203,154.158,187.362,02:59
07/17/26 01:00,33.325,154.083,187.35,03:00
07/17/26 01:01,33.458,153.897,187.333,03:01
07/17/26 01:02,33.558,153.858,187.442,03:02
07/17/26 01:03,33.547,154.003,187.605,03:03
07/17/26 01:04,33.625,154.133,187.733,03:04
07/17/26 01:05,33.642,154.107,187.758,03:05
07/17/26 01:06,33.6,154.233,187.833,03:06
07/17/26 01:07,33.6,154.233,187.833,03:07
07/17/26 01:08,33.6,154.35,187.95,03:08
07/17/26 01:09,33.6,154.238,187.863,03:09
07/17/26 01:10,33.725,154.158,187.892,03:10
07/17/26 01:11,33.725,154.157,187.9,03:11
07/17/26 01:12,33.892,153.825,187.692,03:12
07/17/26 01:13,33.978,153.688,187.6,03:13
07/17/26 01:14,34,153.642,187.633,03:14
07/17/26 01:15,33.955,153.728,187.703,03:15
07/17/26 01:16,33.933,153.867,187.858,03:16
07/17/26 01:17,33.9,154.057,187.978,03:17
07/17/26 01:18,33.9,154.092,188.058,03:18
07/17/26 01:19,33.952,154.25,188.193,03:19
07/17/26 01:20,33.992,154.467,188.433,03:20
07/17/26 01:21,34,154.528,188.495,03:21
07/17/26 01:22,34,154.567,188.475,03:22
07/17/26 01:23,33.942,154.343,188.297,03:23
07/17/26 01:24,33.9,154.208,188.108,03:24
07/17/26 01:25,33.797,154.303,188.1,03:25
07/17/26 01:26,33.675,154.283,187.925,03:26
07/17/26 01:27,33.522,154.39,187.878,03:27
07/17/26 01:28,33.5,154.217,187.717,03:28
07/17/26 01:29,33.422,154.337,187.7,03:29
07/17/26 01:30,33.283,154.583,187.858,03:30
07/17/26 01:31,33.2,154.633,187.833,03:31
07/17/26 01:32,33.2,154.508,187.708,03:32
07/17/26 01:33,33.122,154.5,187.622,03:33
07/17/26 01:34,32.983,154.525,187.508,03:34
07/17/26 01:35,32.9,154.595,187.475,03:35
07/17/26 01:36,32.875,154.475,187.317,03:36
07/17/26 01:37,32.8,154.478,187.278,03:37
07/17/26 01:38,32.8,154.533,187.275,03:38
07/17/26 01:39,32.723,154.322,186.997,03:39
07/17/26 01:40,32.608,154.175,186.775,03:40
07/17/26 01:41,32.575,154.133,186.708,03:41
07/17/26 01:42,32.442,154.192,186.633,03:42
07/17/26 01:43,32.425,154.157,186.582,03:43
07/17/26 01:44,32.5,154.1,186.6,03:44
07/17/26 01:45,32.525,154.262,186.782,03:45
07/17/26 01:46,32.658,154.308,186.958,03:46
07/17/26 01:47,32.878,154.122,187,03:47
07/17/26 01:48,33.025,154.008,187,03:48
07/17/26 01:49,33.125,154.032,187.157,03:49
07/17/26 01:50,33.2,154,187.2,03:50
07/17/26 01:51,33.225,153.892,187.117,03:51
07/17/26 01:52,33.3,153.642,186.908,03:52
07/17/26 01:53,33.325,153.673,187.032,03:53
07/17/26 01:54,33.308,153.875,187.183,03:54
07/17/26 01:55,33.325,153.958,187.283,03:55
07/17/26 01:56,33.4,154.083,187.425,03:56
07/17/26 01:57,33.425,154.167,187.568,03:57
07/17/26 01:58,33.558,154.35,187.908,03:58
07/17/26 01:59,33.677,154.425,188.135,03:59
07/17/26 02:00,33.667,154.592,188.258,04:00
07/17/26 02:01,33.725,154.523,188.267,04:01
07/17/26 02:02,33.8,154.382,188.182,04:02
07/17/26 02:03,34.062,153.775,187.837,04:03
07/17/26 02:04,36.608,151.1,187.675,04:04
07/17/26 02:05,40.74,146.873,187.58,04:05
07/17/26 02:06,45.342,142.142,187.517,04:06
07/17/26 02:07,49.997,137.468,187.453,04:07
07/17/26 02:08,54.95,132.583,187.525,04:08
07/17/26 02:09,59.465,128.328,187.813,04:09
07/17/26 02:10,63.575,124.35,187.925,04:10
07/17/26 02:11,65.16,122.787,187.98,04:11
07/17/26 02:12,65.358,122.667,188.05,04:12
07/17/26 02:13,65.483,122.763,188.295,04:13
07/17/26 02:14,65.6,122.867,188.442,04:14
07/17/26 02:15,65.575,123.007,188.582,04:15
07/17/26 02:16,65.592,123.15,188.717,04:16
07/17/26 02:17,65.575,123.345,188.898,04:17
07/17/26 02:18,65.558,123.375,188.908,04:18
07/17/26 02:19,65.517,123.222,188.742,04:19
07/17/26 02:20,65.342,123.325,188.617,04:20
07/17/26 02:21,65.222,123.292,188.525,04:21
07/17/26 02:22,65.133,123.417,188.55,04:22
07/17/26 02:23,65.175,122.985,188.107,04:23
07/17/26 02:24,65.008,123.025,188.033,04:24
07/17/26 02:25,64.922,123.05,187.972,04:25
07/17/26 02:26,64.808,123.175,188.042,04:26
07/17/26 02:27,64.775,123.185,187.95,04:27
07/17/26 02:28,64.642,123.075,187.717,04:28
07/17/26 02:29,64.498,123.077,187.575,04:29
07/17/26 02:30,64.375,123.108,187.508,04:30
07/17/26 02:31,64.353,123.025,187.4,04:31
07/17/26 02:32,64.242,123.075,187.292,04:32
07/17/26 02:33,64.225,122.888,187.067,04:33
07/17/26 02:34,64.3,122.867,187.158,04:34
07/17/26 02:35,64.163,122.875,187.038,04:35
07/17/26 02:36,64.1,123.042,187.142,04:36
07/17/26 02:37,64.1,123.133,187.267,04:37
07/17/26 02:38,64.075,123.183,187.225,04:38
07/17/26 02:39,63.975,123.267,187.222,04:39
07/17/26 02:40,63.758,123.567,187.325,04:40
07/17/26 02:41,63.547,123.65,187.217,04:41
07/17/26 02:42,63.717,123.567,187.317,04:42
07/17/26 02:43,63.722,123.578,187.3,04:43
07/17/26 02:44,63.758,123.45,187.208,04:44
07/17/26 02:45,63.858,123.28,187.123,04:45
07/17/26 02:46,63.983,123.117,187.1,04:46
07/17/26 02:47,64.105,122.945,187.042,04:47
07/17/26 02:48,64.2,122.892,187.1,04:48
07/17/26 02:49,64.277,122.782,187.058,04:49
07/17/26 02:50,64.392,122.767,187.125,04:50
07/17/26 02:51,64.458,122.82,187.278,04:51
07/17/26 02:52,64.65,122.858,187.508,04:52
07/17/26 02:53,64.745,122.743,187.547,04:53
07/17/26 02:54,64.917,122.733,187.633,04:54
07/17/26 02:55,64.975,122.725,187.678,04:55
07/17/26 02:56,64.925,122.8,187.725,04:56
07/17/26 02:57,65,122.837,187.825,04:57
07/17/26 02:58,65.067,122.975,188.05,04:58
07/17/26 02:59,65,122.948,187.968,04:59
07/17/26 03:00,65.033,122.942,187.942,05:00
07/17/26 03:01,64.947,122.908,187.855,05:01
07/17/26 03:02,65.025,122.8,187.892,05:02
07/17/26 03:03,65.125,122.723,187.9,05:03
07/17/26 03:04,65.267,122.617,187.842,05:04
07/17/26 03:05,65.225,122.553,187.8,05:05
07/17/26 03:06,65.208,122.708,187.917,05:06
07/17/26 03:07,65.278,122.962,188.24,05:07
07/17/26 03:08,65.392,122.917,188.308,05:08
07/17/26 03:09,65.458,122.925,188.378,05:09
07/17/26 03:10,65.417,122.883,188.292,05:10
07/17/26 03:11,65.305,122.903,188.203,05:11
07/17/26 03:12,65.275,123,188.242,05:12
07/17/26 03:13,65.267,123.078,188.323,05:13
07/17/26 03:14,65.267,122.95,188.217,05:14
07/17/26 03:15,65.3,123.11,188.41,05:15
07/17/26 03:16,65.3,123.067,188.375,05:16
07/17/26 03:17,65.353,123.072,188.403,05:17
07/17/26 03:18,65.3,122.958,188.292,05:18
07/17/26 03:19,65.32,122.875,188.228,05:19
07/17/26 03:20,65.242,122.833,188.075,05:20
07/17/26 03:21,65.142,122.75,187.892,05:21
07/17/26 03:22,64.983,122.65,187.667,05:22
07/17/26 03:23,64.842,122.653,187.47,05:23
07/17/26 03:24,64.708,122.7,187.375,05:24
07/17/26 03:25,64.573,122.75,187.3,05:25
07/17/26 03:26,64.375,123.108,187.508,05:26
07/17/26 03:27,64.3,123.275,187.605,05:27
07/17/26 03:28,64.208,123.375,187.608,05:28
07/17/26 03:29,64.122,123.523,187.665,05:29
07/17/26 03:30,64.1,123.65,187.725,05:30
07/17/26 03:31,64.023,123.672,187.672,05:31
07/17/26 03:32,64.033,123.475,187.533,05:32
07/17/26 03:33,64.033,123.018,187.085,05:33
07/17/26 03:34,64,122.875,186.875,05:34
07/17/26 03:35,64,122.692,186.772,05:35
07/17/26 03:36,64.092,122.567,186.642,05:36
07/17/26 03:37,64.022,122.525,186.492,05:37
07/17/26 03:38,64,122.575,186.575,05:38
07/17/26 03:39,64.077,122.577,186.62,05:39
07/17/26 03:40,64.217,122.55,186.767,05:40
07/17/26 03:41,64.275,122.43,186.763,05:41
07/17/26 03:42,64.2,122.575,186.783,05:42
07/17/26 03:43,64.278,122.55,186.828,05:43
07/17/26 03:44,64.333,122.7,187.033,05:44
07/17/26 03:45,64.325,122.543,186.922,05:45
07/17/26 03:46,64.383,122.483,186.9,05:46
07/17/26 03:47,64.2,122.903,187.103,05:47
07/17/26 03:48,64.308,123.008,187.35,05:48
07/17/26 03:49,64.5,122.942,187.422,05:49
07/17/26 03:50,64.5,122.875,187.375,05:50
07/17/26 03:51,64.578,122.747,187.35,05:51
07/17/26 03:52,64.692,122.858,187.533,05:52
07/17/26 03:53,64.783,122.845,187.573,05:53
07/17/26 03:54,64.933,122.358,187.292,05:54
07/17/26 03:55,64.925,122.3,187.225,05:55
07/17/26 03:56,65,122.35,187.35,05:56
07/17/26 03:57,65.058,122.5,187.577,05:57
07/17/26 03:58,65.1,122.475,187.575,05:58
07/17/26 03:59,65.1,122.512,187.578,05:59
07/17/26 04:00,65.125,122.617,187.775,06:00
07/17/26 04:01,65.18,122.807,188.012,06:01
07/17/26 04:02,65.233,122.875,188.117,06:02
07/17/26 04:03,65.122,123.157,188.273,06:03
07/17/26 04:04,65.042,123.317,188.35,06:04
07/17/26 04:05,65.137,123.347,188.45,06:05
07/17/26 04:06,65.2,123.375,188.633,06:06
07/17/26 04:07,65.277,123.25,188.517,06:07
07/17/26 04:08,65.183,123.192,188.375,06:08
07/17/26 04:09,65.202,122.953,188.122,06:09
07/17/26 04:10,65.358,122.583,187.942,06:10
07/17/26 04:11,65.458,122.487,187.945,06:11
07/17/26 04:12,65.442,122.467,187.908,06:12
07/17/26 04:13,65.452,122.507,187.983,06:13
07/17/26 04:14,65.367,122.667,188.008,06:14
07/17/26 04:15,65.38,122.768,188.148,06:15
07/17/26 04:16,65.317,122.958,188.267,06:16
07/17/26 04:17,65.18,123.048,188.25,06:17
07/17/26 04:18,65.142,123.167,188.308,06:18
07/17/26 04:19,65.075,123.19,188.265,06:19
07/17/26 04:20,64.933,123.142,188.108,06:20
07/17/26 04:21,64.888,123.257,188.12,06:21
07/17/26 04:22,64.783,123.3,188.1,06:22
07/17/26 04:23,64.777,123.173,187.973,06:23
07/17/26 04:24,64.65,123.158,187.808,06:24
07/17/26 04:25,64.497,122.918,187.44,06:25
07/17/26 04:26,64.4,122.983,187.367,06:26
07/17/26 04:27,64.322,122.955,187.275,06:27
07/17/26 04:28,64.275,122.933,187.208,06:28
07/17/26 04:29,64.2,122.768,187.002,06:29
07/17/26 04:30,64.017,122.858,186.908,06:30
07/17/26 04:31,63.922,122.925,186.9,06:31
07/17/26 04:32,63.9,123,186.9,06:32
07/17/26 04:33,63.945,123.092,187.037,06:33
07/17/26 04:34,64,122.917,186.917,06:34
07/17/26 04:35,64.058,122.685,186.743,06:35
07/17/26 04:36,64.192,122.575,186.767,06:36
07/17/26 04:37,64.283,122.475,186.733,06:37
07/17/26 04:38,64.367,122.458,186.842,06:38
07/17/26 04:39,64.458,122.518,187.018,06:39
07/17/26 04:40,64.525,122.4,186.958,06:40
07/17/26 04:41,64.678,122.545,187.203,06:41
07/17/26 04:42,64.733,122.742,187.442,06:42
07/17/26 04:43,64.857,122.88,187.742,06:43
07/17/26 04:44,64.9,122.9,187.808,06:44
07/17/26 04:45,64.978,122.817,187.795,06:45
07/17/26 04:46,65.025,122.708,187.733,06:46
07/17/26 04:47,65.023,122.677,187.7,06:47
07/17/26 04:48,65,122.675,187.608,06:48
07/17/26 04:49,65.053,122.41,187.463,06:49
07/17/26 04:50,65.092,122.192,187.242,06:50
07/17/26 04:51,65.1,122.253,187.377,06:51
07/17/26 04:52,65.1,122.292,187.425,06:52
07/17/26 04:53,65.075,122.612,187.635,06:53
07/17/26 04:54,65.033,122.642,187.675,06:54
07/17/26 04:55,64.975,122.865,187.84,06:55
07/17/26 04:56,64.925,123.208,188.167,06:56
07/17/26 04:57,65.025,123.438,188.458,06:57
07/17/26 04:58,65.042,123.467,188.5,06:58
07/17/26 04:59,65.025,123.553,188.553,06:59
07/17/26 05:00,65.075,123.525,188.592,07:00
07/17/26 05:01,65.075,123.468,188.57,07:01
07/17/26 05:02,65.158,123.342,188.505,07:02
07/17/26 05:03,76.35,112.163,188.478,07:03
07/17/26 05:04,116.092,73.368,189.46,07:04
07/17/26 05:05,120.522,68.918,189.407,07:05
07/17/26 05:06,120.458,69,189.425,07:06
07/17/26 05:07,120.5,68.833,189.308,07:07
07/17/26 05:08,120.617,68.533,189.108,07:08
07/17/26 05:09,120.7,68.425,189.158,07:09
07/17/26 05:10,120.642,68.467,189.108,07:10
07/17/26 05:11,120.735,68.313,189.023,07:11
07/17/26 05:12,120.708,68.125,188.85,07:12
07/17/26 05:13,120.667,68.033,188.697,07:13
07/17/26 05:14,120.642,67.842,188.45,07:14
07/17/26 05:15,120.497,68.082,188.523,07:15
07/17/26 05:16,120.308,68.175,188.483,07:16
07/17/26 05:17,120.23,68.022,188.243,07:17
07/17/26 05:18,119.95,68.15,188.108,07:18
07/17/26 05:19,119.817,68.278,188.1,07:19
07/17/26 05:20,119.55,68.542,188.133,07:20
07/17/26 05:21,119.318,68.703,187.977,07:21
07/17/26 05:22,119.167,68.45,187.667,07:22
07/17/26 05:23,119.142,68.303,187.442,07:23
07/17/26 05:24,118.983,68.433,187.408,07:24
07/17/26 05:25,118.92,68.327,187.247,07:25
07/17/26 05:26,118.958,68.1,187.117,07:26
07/17/26 05:27,118.897,68.148,187.1,07:27
07/17/26 05:28,118.925,68.067,186.958,07:28
07/17/26 05:29,118.743,68.118,186.853,07:29
07/17/26 05:30,118.817,68,186.825,07:30
07/17/26 05:31,118.978,67.893,186.852,07:31
07/17/26 05:32,119.067,67.808,186.85,07:32
07/17/26 05:33,118.98,67.978,186.923,07:33
07/17/26 05:34,119.025,67.983,187.008,07:34
07/17/26 05:35,119.125,67.912,187.09,07:35
07/17/26 05:36,119.2,67.867,187.067,07:36
07/17/26 05:37,119.2,67.847,187.1,07:37
07/17/26 05:38,119.292,67.867,187.158,07:38
07/17/26 05:39,119.412,67.822,187.175,07:39
07/17/26 05:40,119.517,67.617,187.125,07:40
07/17/26 05:41,119.678,67.555,187.2,07:41
07/17/26 05:42,119.783,67.5,187.292,07:42
07/17/26 05:43,119.978,67.583,187.56,07:43
07/17/26 05:44,120.033,67.458,187.492,07:44
07/17/26 05:45,120.078,67.322,187.4,07:45
07/17/26 05:46,120.067,67.475,187.517,07:46
07/17/26 05:47,120.022,67.542,187.567,07:47
07/17/26 05:48,120.025,67.508,187.542,07:48
07/17/26 05:49,120.05,67.425,187.475,07:49
07/17/26 05:50,119.958,67.35,187.308,07:50
07/17/26 05:51,119.948,67.46,187.383,07:51
07/17/26 05:52,119.942,67.692,187.592,07:52
07/17/26 05:53,119.925,67.642,187.547,07:53
07/17/26 05:54,119.967,67.667,187.633,07:54
07/17/26 05:55,119.995,67.865,187.84,07:55
07/17/26 05:56,119.958,68.1,188.117,07:56
07/17/26 05:57,120.078,68.237,188.337,07:57
07/17/26 05:58,120.25,68.142,188.425,07:58
07/17/26 05:59,120.423,68.147,188.525,07:59
07/17/26 06:00,120.5,68.258,188.692,08:00
07/17/26 06:01,120.442,68.392,188.81,08:01
07/17/26 06:02,120.608,68.2,188.775,08:02
07/17/26 06:03,120.7,68.053,188.773,08:03
07/17/26 06:04,120.608,68.05,188.658,08:04
07/17/26 06:05,120.522,68.122,188.643,08:05
07/17/26 06:06,120.5,67.983,188.425,08:06
07/17/26 06:07,120.448,67.9,188.3,08:07
07/17/26 06:08,120.5,67.875,188.333,08:08
07/17/26 06:09,120.442,67.858,188.257,08:09
07/17/26 06:10,120.4,67.775,188.2,08:10
07/17/26 06:11,120.458,67.82,188.278,08:11
07/17/26 06:12,120.433,67.567,188.025,08:12
07/17/26 06:13,120.603,67.507,188.107,08:13
07/17/26 06:14,120.575,67.525,188.125,08:14
07/17/26 06:15,120.58,67.57,188.125,08:15
07/17/26 06:16,120.483,67.608,188.083,08:16
07/17/26 06:17,120.355,67.757,188.107,08:17
07/17/26 06:18,120.333,67.7,188.058,08:18
07/17/26 06:19,119.982,68.197,188.153,08:19
07/17/26 06:20,119.683,68.308,187.983,08:20
07/17/26 06:21,119.608,68.118,187.747,08:21
07/17/26 06:22,119.417,68.033,187.475,08:22
07/17/26 06:23,119.197,67.98,187.165,08:23
07/17/26 06:24,119.075,67.833,186.975,08:24
07/17/26 06:25,118.847,68.223,187.07,08:25
07/17/26 06:26,119.042,67.933,186.975,08:26
07/17/26 06:27,119.08,67.907,186.948,08:27
07/17/26 06:28,118.925,67.767,186.675,08:28
07/17/26 06:29,118.85,67.775,186.68,08:29
07/17/26 06:30,119.208,67.467,186.675,08:30
07/17/26 06:31,119.435,67.293,186.728,08:31
07/17/26 06:32,119.508,67.108,186.583,08:32
07/17/26 06:33,119.483,67.075,186.558,08:33
07/17/26 06:34,119.75,66.992,186.767,08:34
07/17/26 06:35,119.937,67.232,187.157,08:35
07/17/26 06:36,120.117,67.2,187.317,08:36
07/17/26 06:37,120.097,67.435,187.498,08:37
07/17/26 06:38,120.025,67.433,187.492,08:38
07/17/26 06:39,120.237,67.388,187.6,08:39
07/17/26 06:40,120.083,67.642,187.717,08:40
07/17/26 06:41,119.997,67.617,187.58,08:41
07/17/26 06:42,119.808,67.592,187.4,08:42
07/17/26 06:43,119.825,67.53,187.322,08:43
07/17/26 06:44,119.958,67.4,187.333,08:44
07/17/26 06:45,119.975,67.315,187.3,08:45
07/17/26 06:46,119.925,67.55,187.475,08:46
07/17/26 06:47,120.025,67.523,187.567,08:47
07/17/26 06:48,120.042,67.675,187.75,08:48
07/17/26 06:49,120,67.833,187.8,08:49
07/17/26 06:50,119.942,68.092,187.975,08:50
07/17/26 06:51,119.92,68.333,188.257,08:51
07/17/26 06:52,120.05,68.125,188.15,08:52
07/17/26 06:53,120.198,68.038,188.237,08:53
07/17/26 06:54,120.2,67.983,188.183,08:54
07/17/26 06:55,120.395,67.642,188.017,08:55
07/17/26 06:56,120.533,67.6,188.108,08:56
07/17/26 06:57,120.5,67.78,188.258,08:57
07/17/26 06:58,120.533,67.875,188.408,08:58
07/17/26 06:59,120.422,68.285,188.732,08:59
07/17/26 07:00,120.55,68.025,188.583,09:00
07/17/26 07:01,120.62,67.978,188.632,09:01
07/17/26 07:02,120.6,68.15,188.717,09:02
07/17/26 07:03,120.757,67.932,188.688,09:03
07/17/26 07:04,120.892,67.75,188.617,09:04
07/17/26 07:05,120.847,67.538,188.417,09:05
07/17/26 07:06,120.9,67.392,188.292,09:06
07/17/26 07:07,120.797,67.675,188.438,09:07
07/17/26 07:08,120.758,67.792,188.55,09:08
07/17/26 07:09,120.75,67.95,188.725,09:09
07/17/26 07:10,120.575,68.1,188.683,09:10
07/17/26 07:11,120.475,67.98,188.422,09:11
07/17/26 07:12,120.317,68.375,188.658,09:12
07/17/26 07:13,120.157,68.438,188.587,09:13
07/17/26 07:14,120.108,68.467,188.583,09:14
07/17/26 07:15,119.863,68.52,188.383,09:15
07/17/26 07:16,119.708,68.475,188.183,09:16
07/17/26 07:17,119.597,68.503,188.125,09:17
07/17/26 07:18,119.533,68.6,188.108,09:18
07/17/26 07:19,119.457,68.457,187.895,09:19
07/17/26 07:20,119.283,68.533,187.817,09:20
07/17/26 07:21,119.258,68.343,187.622,09:21
07/17/26 07:22,119.333,68.117,187.517,09:22
07/17/26 07:23,119.3,67.977,187.243,09:23
07/17/26 07:24,119.3,67.808,187.142,09:24
07/17/26 07:25,119.3,67.878,187.178,09:25
07/17/26 07:26,119.3,67.75,187.05,09:26
07/17/26 07:27,119.118,67.75,186.868,09:27
07/17/26 07:28,119.15,67.725,186.817,09:28
07/17/26 07:29,119.2,67.653,186.798,09:29
07/17/26 07:30,119.2,67.642,186.867,09:30
07/17/26 07:31,119.2,67.637,186.858,09:31
07/17/26 07:32,119.283,67.617,186.9,09:32
07/17/26 07:33,119.502,67.558,187.078,09:33
07/17/26 07:34,119.692,67.45,187.142,09:34
07/17/26 07:35,119.547,67.587,187.133,09:35
07/17/26 07:36,119.525,67.533,187.092,09:36
07/17/26 07:37,119.595,67.82,187.415,09:37
07/17/26 07:38,119.65,67.883,187.5,09:38
07/17/26 07:39,119.667,67.775,187.442,09:39
07/17/26 07:40,119.642,67.808,187.483,09:40
07/17/26 07:41,119.832,67.838,187.645,09:41
07/17/26 07:42,120.008,67.758,187.758,09:42
07/17/26 07:43,119.922,67.775,187.697,09:43
07/17/26 07:44,120.017,67.425,187.442,09:44
07/17/26 07:45,120.017,67.373,187.423,09:45
07/17/26 07:46,119.9,67.583,187.483,09:46
07/17/26 07:47,119.848,67.718,187.6,09:47
07/17/26 07:48,119.783,67.85,187.692,09:48
07/17/26 07:49,119.86,67.943,187.802,09:49
07/17/26 07:50,120.058,67.908,187.958,09:50
07/17/26 07:51,120.1,67.9,188,09:51
07/17/26 07:52,120.183,67.758,187.942,09:52
07/17/26 07:53,120.442,67.36,187.777,09:53
07/17/26 07:54,120.625,67.083,187.7,09:54
07/17/26 07:55,120.7,67.025,187.758,09:55
07/17/26 07:56,120.667,67.25,187.925,09:56
07/17/26 07:57,120.622,67.325,187.945,09:57
07/17/26 07:58,120.567,67.492,188.058,09:58
07/17/26 07:59,120.678,67.608,188.287,09:59
07/17/26 08:00,120.552,67.832,188.417,10:00
07/17/26 08:01,120.425,67.957,188.382,10:01
07/17/26 08:02,120.4,67.943,188.377,10:02
07/17/26 08:03,120.277,67.957,188.205,10:03
07/17/26 08:04,120.105,68.038,188.138,10:04
07/17/26 08:05,120.1,67.815,187.882,10:05
07/17/26 08:06,120.65,67.208,187.892,10:06
07/17/26 08:07,123.375,64.467,187.842,10:07
07/17/26 08:08,128.125,59.525,187.675,10:08
07/17/26 08:09,132.887,54.792,187.7,10:09
07/17/26 08:10,137.992,49.733,187.725,10:10
07/17/26 08:11,142.668,45.215,187.903,10:11
07/17/26 08:12,147.733,40.425,188.133,10:12
07/17/26 08:13,151.275,36.8,188.053,10:13
07/17/26 08:14,152.683,35.558,188.208,10:14
07/17/26 08:15,152.767,35.528,188.262,10:15
07/17/26 08:16,152.65,35.642,188.325,10:16
07/17/26 08:17,152.575,35.642,188.242,10:17
07/17/26 08:18,152.592,35.567,188.142,10:18
07/17/26 08:19,152.497,35.663,188.158,10:19
07/17/26 08:20,152.408,35.533,187.942,10:20
07/17/26 08:21,152.3,35.238,187.518,10:21
07/17/26 08:22,152.333,35.042,187.375,10:22
07/17/26 08:23,152.275,34.86,187.168,10:23
07/17/26 08:24,152.2,34.967,187.167,10:24
07/17/26 08:25,152.122,34.942,187.063,10:25
07/17/26 08:26,152.075,34.858,186.967,10:26
07/17/26 08:27,151.972,35.165,187.215,10:27
07/17/26 08:28,152.008,35.333,187.383,10:28
07/17/26 08:29,151.843,35.662,187.505,10:29
07/17/26 08:30,151.733,35.683,187.417,10:30
07/17/26 08:31,151.853,35.36,187.193,10:31
07/17/26 08:32,151.683,35.258,186.942,10:32
07/17/26 08:33,151.575,35.3,186.855,10:33
07/17/26 08:34,151.592,35.117,186.708,10:34
07/17/26 08:35,151.62,34.898,186.518,10:35
07/17/26 08:36,151.717,34.675,186.425,10:36
07/17/26 08:37,151.878,34.792,186.67,10:37
07/17/26 08:38,151.983,34.95,186.933,10:38
07/17/26 08:39,152.183,34.942,187.125,10:39
07/17/26 08:40,152.417,34.967,187.383,10:40
07/17/26 08:41,152.475,35.132,187.607,10:41
07/17/26 08:42,152.342,35.433,187.833,10:42
07/17/26 08:43,152.378,35.537,187.937,10:43
07/17/26 08:44,152.392,35.458,187.883,10:44
07/17/26 08:45,152.447,35.353,187.8,10:45
07/17/26 08:46,152.525,35.133,187.625,10:46
07/17/26 08:47,152.522,34.9,187.422,10:47
07/17/26 08:48,152.558,34.842,187.4,10:48
07/17/26 08:49,152.79,34.61,187.4,10:49
07/17/26 08:50,152.833,34.542,187.433,10:50
07/17/26 08:51,152.8,34.612,187.458,10:51
07/17/26 08:52,152.892,34.592,187.492,10:52
07/17/26 08:53,152.842,34.817,187.703,10:53
07/17/26 08:54,152.95,34.958,187.917,10:54
07/17/26 08:55,153.103,34.922,188.005,10:55
07/17/26 08:56,153.108,35.108,188.258,10:56
07/17/26 08:57,153.312,35.013,188.327,10:57
07/17/26 08:58,153.333,35.142,188.55,10:58
07/17/26 08:59,153.47,35.225,188.72,10:59
07/17/26 09:00,153.692,35.1,188.8,11:00
07/17/26 09:01,153.7,35,188.7,11:01
07/17/26 09:02,153.517,35.275,188.733,11:02
07/17/26 09:03,153.533,35.227,188.758,11:03
07/17/26 09:04,153.5,35.333,188.833,11:04
07/17/26 09:05,153.417,35.242,188.638,11:05
07/17/26 09:06,153.183,35.233,188.417,11:06
07/17/26 09:07,153.178,35.337,188.49,11:07
07/17/26 09:08,153.258,35.308,188.558,11:08
07/17/26 09:09,153.325,35.217,188.575,11:09
07/17/26 09:10,153.283,35.308,188.592,11:10
07/17/26 09:11,153.278,35.405,188.683,11:11
07/17/26 09:12,153.267,35.558,188.825,11:12
07/17/26 09:13,153.353,35.513,188.867,11:13
07/17/26 09:14,153.183,35.633,188.817,11:14
07/17/26 09:15,153.095,35.6,188.675,11:15
07/17/26 09:16,153.008,35.65,188.658,11:16
07/17/26 09:17,152.978,35.54,188.518,11:17
07/17/26 09:18,152.783,35.425,188.217,11:18
07/17/26 09:19,152.638,35.637,188.278,11:19
07/17/26 09:20,152.508,35.642,188.092,11:20
07/17/26 09:21,152.272,35.622,187.96,11:21
07/17/26 09:22,151.983,35.867,187.817,11:22
07/17/26 09:23,151.777,35.783,187.56,11:23
07/17/26 09:24,151.642,35.792,187.442,11:24
07/17/26 09:25,151.625,35.593,187.172,11:25
07/17/26 09:26,151.583,35.375,186.95,11:26
07/17/26 09:27,151.55,35.197,186.722,11:27
07/17/26 09:28,151.75,35.2,186.908,11:28
07/17/26 09:29,151.9,35.075,186.942,11:29
07/17/26 09:30,151.9,35.117,187.017,11:30
07/17/26 09:31,151.9,35.148,187.048,11:31
07/17/26 09:32,151.867,35.242,187.133,11:32
07/17/26 09:33,151.9,35.29,187.187,11:33
07/17/26 09:34,151.842,35.333,187.167,11:34
07/17/26 09:35,151.663,35.383,187.047,11:35
07/17/26 09:36,151.508,35.508,187.042,11:36
07/17/26 09:37,151.338,35.375,186.76,11:37
07/17/26 09:38,151.208,35.367,186.608,11:38
07/17/26 09:39,151.237,35.118,186.377,11:39
07/17/26 09:40,151.117,35.008,186.158,11:40
07/17/26 09:41,151.125,34.973,186.132,11:41
07/17/26 09:42,151.2,34.717,185.917,11:42
07/17/26 09:43,151.2,34.738,185.88,11:43
07/17/26 09:44,151.442,34.675,186.108,11:44
07/17/26 09:45,151.612,34.857,186.415,11:45
07/17/26 09:46,151.625,34.933,186.592,11:46
07/17/26 09:47,151.725,35.012,186.712,11:47
07/17/26 09:48,151.8,34.942,186.725,11:48
07/17/26 09:49,151.8,34.9,186.722,11:49
07/17/26 09:50,151.75,35.125,186.875,11:50
07/17/26 09:51,151.65,35.267,186.95,11:51
07/17/26 09:52,151.742,35.175,186.917,11:52
07/17/26 09:53,151.733,35.482,187.19,11:53
07/17/26 09:54,151.792,35.508,187.317,11:54
07/17/26 09:55,151.927,35.552,187.502,11:55
07/17/26 09:56,152.283,35.467,187.717,11:56
07/17/26 09:57,152.437,35.397,187.825,11:57
07/17/26 09:58,152.592,35.233,187.833,11:58
07/17/26 09:59,152.737,35.11,187.88,11:59
07/17/26 10:00,152.8,35.125,187.958,12:00
07/17/26 10:01,152.845,35.292,188.142,12:01
07/17/26 10:02,153.083,35.025,188.092,12:02
07/17/26 10:03,153.183,34.93,188.112,12:03
07/17/26 10:04,153.358,34.95,188.308,12:04
07/17/26 10:05,153.342,35.04,188.382,12:05
07/17/26 10:06,153.267,35.2,188.433,12:06
07/17/26 10:07,153.437,34.988,188.478,12:07
07/17/26 10:08,153.567,34.75,188.342,12:08
07/17/26 10:09,153.45,35.007,188.445,12:09
07/17/26 10:10,153.175,35.35,188.592,12:10
07/17/26 10:11,153.2,35.342,188.542,12:11
07/17/26 10:12,153.317,35.15,188.408,12:12
07/17/26 10:13,153.375,35.113,188.433,12:13
07/17/26 10:14,153.208,35.25,188.458,12:14
07/17/26 10:15,153.063,35.417,188.48,12:15
07/17/26 10:16,153,35.383,188.375,12:16
07/17/26 10:17,152.922,35.378,188.322,12:17
07/17/26 10:18,152.808,35.317,188.125,12:18
07/17/26 10:19,152.677,35.248,187.95,12:19
07/17/26 10:20,152.542,35.067,187.617,12:20
07/17/26 10:21,152.343,35.075,187.438,12:21
07/17/26 10:22,152.208,35.058,187.275,12:22
07/17/26 10:23,152.148,34.992,187.065,12:23
07/17/26 10:24,152.108,34.525,186.633,12:24
07/17/26 10:25,151.943,34.528,186.472,12:25
07/17/26 10:26,151.9,34.425,186.325,12:26
07/17/26 10:27,151.882,34.442,186.298,12:27
07/17/26 10:28,151.742,34.433,186.2,12:28
07/17/26 10:29,151.722,34.523,186.245,12:29
07/17/26 10:30,151.642,34.75,186.392,12:30
07/17/26 10:31,151.703,34.937,186.64,12:31
07/17/26 10:32,151.683,35.167,186.883,12:32
07/17/26 10:33,151.625,35.375,187.025,12:33
07/17/26 10:34,151.725,35.458,187.192,12:34
07/17/26 10:35,151.825,35.305,187.097,12:35
07/17/26 10:36,151.9,34.958,186.883,12:36
07/17/26 10:37,151.925,34.75,186.73,12:37
07/17/26 10:38,151.967,34.6,186.567,12:38
07/17/26 10:39,152.025,34.438,186.463,12:39
07/17/26 10:40,151.892,34.392,186.283,12:40
07/17/26 10:41,151.775,34.503,186.278,12:41
07/17/26 10:42,151.65,34.675,186.358,12:42
07/17/26 10:43,151.467,34.945,186.4,12:43
07/17/26 10:44,151.35,35.15,186.525,12:44
07/17/26 10:45,151.3,35.147,186.447,12:45
07/17/26 10:46,151.383,35.2,186.592,12:46
07/17/26 10:47,151.513,35.298,186.79,12:47
07/17/26 10:48,151.383,35.358,186.742,12:48
07/17/26 10:49,151.417,35.395,186.753,12:49
07/17/26 10:50,151.5,35.217,186.708,12:50
07/17/26 10:51,151.422,35.178,186.6,12:51
07/17/26 10:52,151.55,35.283,186.808,12:52
07/17/26 10:53,151.6,35.198,186.777,12:53
07/17/26 10:54,151.675,34.967,186.608,12:54
07/17/26 10:55,152.003,34.733,186.737,12:55
07/17/26 10:56,152.1,34.733,186.858,12:56
07/17/26 10:57,152.203,34.7,186.88,12:57
07/17/26 10:58,152.3,34.583,186.875,12:58
07/17/26 10:59,152.358,34.487,186.812,12:59
07/17/26 11:00,152.483,34.475,186.925,13:00
