date time,no_4UDY72,no2_4UDY72,nox_4UDY72,no_ZFT5R6,no2_ZFT5R6,nox_ZFT5R6,runtime,level,no_gen
07/16/26 08:00,0.379,0.511,0.849,0.188,-0.733,-0.6,00:00,1,0
07/16/26 08:01,-0.569,0.828,0.289,0.133,-0.7,-0.6,00:01,1,0
07/16/26 08:02,-0.367,0.081,-0.26,0.125,-0.7,-0.512,00:02,1,0
07/16/26 08:03,-0.383,0.332,-0.028,0.142,-0.7,-0.575,00:03,1,0
07/16/26 08:04,-0.48,0.438,0.003,0.123,-0.723,-0.6,00:04,1,0
07/16/26 08:05,-0.197,0.267,0.088,0.168,-0.727,-0.6,00:05,1,0
07/16/26 08:06,-0.173,0.34,0.168,0.167,-0.7,-0.6,00:06,1,0
07/16/26 08:07,-0.001,0.291,0.333,0.155,-0.7,-0.533,00:07,1,0
07/16/26 08:08,-0.189,0.512,0.322,0.2,-0.722,-0.522,00:08,1,0
07/16/26 08:09,-0.29,0.511,0.222,0.178,-0.778,-0.6,00:09,1,0
07/16/26 08:10,-0.057,0.059,0.013,0.1,-0.7,-0.6,00:10,1,0
07/16/26 08:11,-0.023,-0.006,-0.01,0.1,-0.675,-0.575,00:11,1,0
07/16/26 08:12,0.161,0.173,0.329,0.1,-0.578,-0.5,00:12,1,0
07/16/26 08:13,0.364,0.127,0.5,0.035,-0.5,-0.5,00:13,1,0
07/16/26 08:14,0.148,0.244,0.398,0,-0.555,-0.555,00:14,1,0
07/16/26 08:15,-0.168,0.491,0.298,0,-0.533,-0.6,00:15,1,0
07/16/26 08:16,0.112,0.177,0.286,0,-0.5,-0.512,00:16,1,0
07/16/26 08:17,0.169,0.081,0.225,0,-0.5,-0.5,00:17,1,0
07/16/26 08:18,0.095,-0.043,0.095,0,-0.5,-0.5,00:18,1,0
07/16/26 08:19,0.215,0.393,0.588,0.075,-0.608,-0.575,00:19,1,0
07/16/26 08:20,0.008,0.025,0.066,0.1,-0.633,-0.6,00:20,1,0
07/16/26 08:21,-0.619,0.473,-0.126,0.082,-0.6,-0.525,00:21,1,0
07/16/26 08:22,-0.468,0.487,0.061,0.1,-0.6,-0.5,00:22,1,0
07/16/26 08:23,-0.36,0.291,-0.059,0.1,-0.6,-0.5,00:23,1,0
07/16/26 08:24,-0.267,-0.099,-0.364,0.1,-0.6,-0.5,00:24,1,0
07/16/26 08:25,-0.045,0.263,0.229,0.1,-0.577,-0.477,00:25,1,0
07/16/26 08:26,-0.143,0.341,0.202,0.1,-0.557,-0.423,00:26,1,0
07/16/26 08:27,-0.193,0.412,0.217,0.142,-0.6,-0.448,00:27,1,0
07/16/26 08:28,0.02,0.415,0.434,0.2,-0.657,-0.5,00:28,1,0
07/16/26 08:29,-0.233,0.532,0.282,0.125,-0.625,-0.5,00:29,1,0
07/16/26 08:30,-0.866,0.724,-0.139,0.167,-0.633,-0.5,00:30,1,0
07/16/26 08:31,-0.442,0.8,0.345,0.175,-0.675,-0.5,00:31,1,0
07/16/26 08:32,-0.081,0.932,0.897,0.2,-0.7,-0.5,00:32,1,0
07/16/26 08:33,0.17,0.331,0.489,0.2,-0.7,-0.5,00:33,1,0
07/16/26 08:34,-0.119,0.149,0.007,0.257,-0.7,-0.477,00:34,1,0
07/16/26 08:35,-0.262,-0.149,-0.381,0.3,-0.667,-0.4,00:35,1,0
07/16/26 08:36,-0.313,0.431,0.106,0.233,-0.7,-0.457,00:36,1,0
07/16/26 08:37,-0.169,0.175,0.033,0.3,-0.775,-0.5,00:37,1,0
07/16/26 08:38,-0.219,0.118,-0.1,0.277,-0.8,-0.5,00:38,1,0
07/16/26 08:39,-0.29,0.145,-0.144,0.2,-0.777,-0.5,00:39,1,0
07/16/26 08:40,-0.102,-0.071,-0.141,0.2,-0.7,-0.5,00:40,1,0
07/16/26 08:41,-0.21,0.275,0.082,0.2,-0.7,-0.5,00:41,1,0
07/16/26 08:42,-0.29,0.635,0.362,0.2,-0.7,-0.533,00:42,1,0
07/16/26 08:43,0.283,0.107,0.393,0.143,-0.625,-0.467,00:43,1,0
07/16/26 08:44,-0.083,-0.099,-0.172,0.1,-0.6,-0.5,00:44,1,0
07/16/26 08:45,-0.173,0.333,0.141,0.1,-0.6,-0.5,00:45,1,0
07/16/26 08:46,0.121,0.491,0.614,0.1,-0.69,-0.557,00:46,1,0
07/16/26 08:47,0.196,0.084,0.311,0.1,-0.7,-0.6,00:47,1,0
07/16/26 08:48,-0.496,0.377,-0.111,0.1,-0.7,-0.6,00:48,1,0
07/16/26 08:49,-0.586,0.415,-0.128,0.058,-0.757,-0.698,00:49,1,0
07/16/26 08:50,-0.295,0.119,-0.146,0,-0.8,-0.8,00:50,1,0
07/16/26 08:51,-0.119,0.556,0.447,-0.075,-0.725,-0.8,00:51,1,0
07/16/26 08:52,-0.144,0.59,0.448,-0.157,-0.677,-0.8,00:52,1,0
07/16/26 08:53,-0.477,0.465,0.018,-0.2,-0.627,-0.883,00:53,1,0
07/16/26 08:54,-0.224,-0.022,-0.238,-0.29,-0.6,-0.9,00:54,1,0
07/16/26 08:55,-0.001,0.143,0.111,-0.3,-0.675,-0.975,00:55,1,0
07/16/26 08:56,-0.219,0.22,0.028,-0.3,-0.667,-0.967,00:56,1,0
07/16/26 08:57,-0.36,0.266,-0.044,-0.3,-0.648,-0.948,00:57,1,0
07/16/26 08:58,-0.219,0.286,0.064,-0.243,-0.7,-0.943,00:58,1,0
07/16/26 08:59,-0.023,0.492,0.488,-0.2,-0.7,-0.9,00:59,1,0
07/16/26 09:00,0.211,-0.036,0.182,-0.2,-0.7,-0.9,01:00,estab,179
07/16/26 09:01,0.17,-0.246,-0.068,0.033,-0.723,-0.667,01:01,estab,179
07/16/26 09:02,16.374,8.677,24.859,38.833,21.273,60.093,01:02,estab,179
07/16/26 09:03,59.976,32.932,92.804,89.923,44.182,134.08,01:03,estab,179
07/16/26 09:04,98.987,41.51,140.499,115.107,42.943,158.017,01:04,estab,179
07/16/26 09:05,129.635,29.882,159.696,149.938,23.485,173.405,01:05,estab,179
07/16/26 09:06,154.456,14.932,169.457,177.7,6.767,184.467,01:06,estab,179
07/16/26 09:07,167.787,6.354,174.154,184.4,0.905,185.328,01:07,estab,179
07/16/26 09:08,172.633,3.612,176.246,185.303,-0.22,185.127,01:08,estab,179
07/16/26 09:09,174.263,2.453,176.738,185.7,-0.198,185.478,01:09,estab,179
07/16/26 09:10,175.267,1.627,176.928,186.274,-0.3,185.917,01:10,estab,179
07/16/26 09:11,177.131,1.233,178.291,Samp<,Samp<,Samp<,01:11,estab,179
07/16/26 09:12,179.082,0.366,179.396,180.962,-0.183,180.747,01:12,estab,179
07/16/26 09:13,178.061,0.726,178.743,180.88,0.4,181.28,01:13,estab,179
07/16/26 09:14,181.765,-0.958,180.782,181.675,0.367,182.042,01:14,estab,179
07/16/26 09:15,180.467,-0.27,180.219,180.674,0.084,180.716,01:15,estab,179
07/16/26 09:16,180.79,-0.457,180.304,180.417,-0.317,180.1,01:16,estab,179
07/16/26 09:17,180.767,-0.346,180.459,180.72,-0.697,180.023,01:17,estab,179
07/16/26 09:18,180.423,0.387,180.844,180.875,-1.167,179.742,01:18,estab,179
07/16/26 09:19,180.15,0.064,180.225,181.355,-1.407,179.948,01:19,estab,179
07/16/26 09:20,180.493,-0.632,179.863,181.867,-1.442,180.458,01:20,estab,179
07/16/26 09:21,180.64,-1.011,179.624,181.895,-1.597,180.342,01:21,estab,179
07/16/26 09:22,180.387,-0.844,179.546,181.958,-1.883,180.05,01:22,estab,179
07/16/26 09:23,180.773,-1.008,179.773,182.077,-1.85,180.227,01:23,estab,179
07/16/26 09:24,180.963,-0.352,180.613,182.058,-1.542,180.542,01:24,estab,179
07/16/26 09:25,180.383,0.102,180.487,182.382,-1.6,180.75,01:25,estab,179
07/16/26 09:26,180.187,0.003,180.184,182.683,-1.75,180.958,01:26,estab,179
07/16/26 09:27,180.67,-0.647,179.988,182.857,-2.06,180.863,01:27,estab,179
07/16/26 09:28,181.13,-1.357,179.802,182.925,-2.2,180.767,01:28,estab,179
07/16/26 09:29,180.727,-0.796,179.94,183.215,-2.298,180.883,01:29,estab,179
07/16/26 09:30,180.417,-0.356,180.109,183.425,-2.458,181,01:30,estab,179
07/16/26 09:31,180.48,0.229,180.7,183.392,-2.548,180.843,01:31,estab,179
07/16/26 09:32,180.41,-0.068,180.356,183.442,-2.642,180.8,01:32,estab,179
07/16/26 09:33,180.743,-0.24,180.55,183.478,-2.752,180.727,01:33,estab,179
07/16/26 09:34,180.943,-0.538,180.41,183.467,-2.483,180.892,01:34,estab,179
07/16/26 09:35,180.85,-1.056,179.795,180.715,-0.423,180.268,01:35,estab,179
07/16/26 09:36,180.71,-0.875,179.889,179.375,0.475,179.825,01:36,estab,179
07/16/26 09:37,181.193,-0.954,180.275,179.318,0.592,179.863,01:37,estab,179
07/16/26 09:38,181.867,-1.082,180.823,179.192,0.7,179.85,01:38,estab,179
07/16/26 09:39,181.673,-0.759,180.916,178.972,0.798,179.75,01:39,estab,179
07/16/26 09:40,180.963,-0.472,180.515,178.775,0.792,179.567,01:40,2,179
07/16/26 09:41,180.82,-0.468,180.349,178.667,1.035,179.72,01:41,2,179
07/16/26 09:42,181.3,-0.727,180.562,178.608,0.958,179.592,01:42,2,179
07/16/26 09:43,181.15,-0.979,180.166,179.672,0.198,179.912,01:43,2,179
07/16/26 09:44,181.347,-1.181,180.184,179.833,0.133,179.967,01:44,2,179
07/16/26 09:45,181.463,-0.671,180.835,180.003,0.042,180.025,01:45,2,179
07/16/26 09:46,181.59,-0.875,180.691,180.017,0.067,180.083,01:46,2,179
07/16/26 09:47,181.177,-0.526,180.656,180.082,-0.137,179.945,01:47,2,179
07/16/26 09:48,180.763,-0.314,180.463,180.283,-0.375,179.883,01:48,2,179
07/16/26 09:49,181.16,-0.974,180.199,180.593,-0.635,179.935,01:49,2,179
07/16/26 09:50,181.833,-1.277,180.572,180.675,-0.758,179.917,01:50,2,179
07/16/26 09:51,181.863,-0.719,181.145,180.627,-0.75,179.877,01:51,2,179
07/16/26 09:52,181.867,-0.723,181.142,180.475,-0.633,179.842,01:52,2,179
07/16/26 09:53,182.14,-1.196,180.914,180.512,-0.558,179.928,01:53,2,179
07/16/26 09:54,181.673,-0.842,180.842,180.408,-0.267,180.167,01:54,2,179
07/16/26 09:55,181.043,-0.518,180.538,180.357,-0.198,180.158,01:55,2,179
07/16/26 09:56,181.013,-0.761,180.229,180.3,-0.158,180.142,01:56,2,179
07/16/26 09:57,181.56,-1.231,180.348,180.28,-0.172,180.108,01:57,2,179
07/16/26 09:58,181.883,-1.033,180.874,180.417,-0.517,179.875,01:58,2,179
07/16/26 09:59,181.957,-1.029,180.929,180.5,-0.597,179.87,01:59,2,179
07/16/26 10:00,181.907,-0.786,181.146,180.417,-0.767,179.675,02:00,2,179
07/16/26 10:01,181.91,-0.457,181.425,180.275,-0.733,179.567,02:01,2,179
07/16/26 10:02,182.16,-0.752,181.416,180.175,-0.667,179.483,02:02,2,179
07/16/26 10:03,182.063,-1.241,180.843,180.257,-0.837,179.42,02:03,2,179
07/16/26 10:04,181.903,-1.303,180.606,180.358,-0.958,179.4,02:04,2,179
07/16/26 10:05,182.197,-1.228,181.011,180.375,-0.997,179.358,02:05,2,179
07/16/26 10:06,182.093,-0.78,181.317,180.358,-1.2,179.158,02:06,2,179
07/16/26 10:07,182.627,-1.38,181.259,180.322,-1.043,179.225,02:07,2,179
07/16/26 10:08,182.313,-1.203,181.118,180.258,-0.867,179.392,02:08,2,179
07/16/26 10:09,181.733,-0.511,181.251,180.4,-1.058,179.322,02:09,2,179
07/16/26 10:10,181.853,-0.397,181.452,180.375,-0.925,179.442,02:10,2,179
07/16/26 10:11,182.007,-1.173,180.835,180.202,-0.623,179.567,02:11,2,179
07/16/26 10:12,181.833,-0.808,181.028,180.083,-0.517,179.533,02:12,2,179
07/16/26 10:13,182.043,-0.965,181.107,180.178,-0.603,179.575,02:13,2,179
07/16/26 10:14,182.113,-1.197,180.891,180.258,-0.975,179.317,02:14,2,179
07/16/26 10:15,181.9,-0.744,181.146,180.532,-1.128,179.462,02:15,2,179
07/16/26 10:16,181.197,-0.585,180.621,180.5,-0.7,179.775,02:16,2,179
07/16/26 10:17,181.35,-0.776,180.591,180.682,-0.77,179.945,02:17,2,179
07/16/26 10:18,181.867,-1.076,180.765,180.917,-0.775,180.108,02:18,2,179
07/16/26 10:19,182.19,-1.119,181.098,181.025,-0.778,180.28,02:19,2,179
07/16/26 10:20,182.03,-0.757,181.283,180.967,-0.367,180.6,02:20,2,179
07/16/26 10:21,181.353,-0.705,180.659,180.938,-0.263,180.675,02:21,2,179
07/16/26 10:22,181.62,-0.678,180.96,180.8,-0.2,180.6,02:22,2,179
07/16/26 10:23,181.437,-0.314,181.109,180.878,-0.278,180.6,02:23,2,179
07/16/26 10:24,180.917,-0.356,180.562,181.05,-0.533,180.517,02:24,2,179
07/16/26 10:25,181.447,-0.967,180.465,181.203,-0.783,180.42,02:25,2,179
07/16/26 10:26,181.82,-1.446,180.38,181.2,-0.767,180.492,02:26,2,179
07/16/26 10:27,181.387,-1.14,180.255,181.378,-0.9,180.475,02:27,2,179
07/16/26 10:28,181.437,-0.638,180.847,181.4,-0.692,180.7,02:28,2,179
07/16/26 10:29,181.55,-1.07,180.483,181.483,-0.84,180.643,02:29,2,179
07/16/26 10:30,181.023,-0.45,180.582,181.367,-0.917,180.417,02:30,2,179
07/16/26 10:31,181.1,-0.644,180.423,181.018,-0.423,180.615,02:31,2,179
07/16/26 10:32,181.037,-0.959,180.115,180.958,-0.017,180.942,02:32,2,179
07/16/26 10:33,181.157,-1.18,179.975,181,0.078,181.045,02:33,2,179
07/16/26 10:34,181.617,-0.986,180.642,181.025,0.05,181.075,02:34,2,179
07/16/26 10:35,181.327,-0.808,180.533,181.1,0.003,181.078,02:35,2,179
07/16/26 10:36,181.163,-0.595,180.576,180.975,0.258,181.192,02:36,2,179
07/16/26 10:37,181.023,-0.409,180.64,181.053,0.072,181.125,02:37,2,179
07/16/26 10:38,181.157,-1.188,179.94,181.092,-0.458,180.633,02:38,2,179
07/16/26 10:39,181.547,-1.748,179.823,180.977,-0.658,180.338,02:39,2,179
07/16/26 10:40,181.547,-1.633,179.91,180.75,-0.608,180.2,02:40,2,179
07/16/26 10:41,181.523,-1.382,180.16,180.647,-0.513,180.155,02:41,2,179
07/16/26 10:42,181.58,-1.083,180.503,180.725,-0.717,180.042,02:42,2,179
07/16/26 10:43,180.777,-0.718,180.068,180.64,-0.633,180.007,02:43,2,179
07/16/26 10:44,181.003,-0.344,180.698,180.592,-0.383,180.183,02:44,2,179
07/16/26 10:45,181.38,-0.698,180.628,180.493,-0.127,180.32,02:45,2,179
07/16/26 10:46,181.437,-0.98,180.414,180.533,-0.342,180.183,02:46,2,179
07/16/26 10:47,181.517,-1.252,180.308,180.737,-0.662,180.042,02:47,2,179
07/16/26 10:48,181.667,-1.201,180.467,180.717,-0.6,180.058,02:48,2,179
07/16/26 10:49,181.877,-1.156,180.746,180.498,-0.587,179.87,02:49,2,179
07/16/26 10:50,181.393,-0.715,180.701,180.308,-0.6,179.775,02:50,2,179
07/16/26 10:51,180.927,-0.684,180.24,180.093,-0.567,179.518,02:51,2,179
07/16/26 10:52,180.987,-1.004,179.978,179.967,-0.725,179.275,02:52,2,179
07/16/26 10:53,181.137,-1.061,180.114,179.92,-0.843,179.098,02:53,2,179
07/16/26 10:54,181.157,-0.746,180.414,179.808,-0.858,178.95,02:54,2,179
07/16/26 10:55,181.603,-0.661,180.938,179.8,-1.008,178.767,02:55,2,179
07/16/26 10:56,181.73,-0.901,180.809,179.733,-0.708,179.05,02:56,2,179
07/16/26 10:57,181.443,-0.789,180.659,179.853,-0.853,178.98,02:57,2,179
07/16/26 10:58,181.097,-0.436,180.635,179.917,-0.983,178.942,02:58,2,179
07/16/26 10:59,181.57,-1.364,180.194,179.847,-0.942,178.907,02:59,2,179
07/16/26 11:00,181.68,-1.631,180.043,179.767,-0.867,178.908,03:00,2,179
07/16/26 11:01,181.303,-1.434,179.909,179.618,-0.772,178.822,03:01,2,179
07/16/26 11:02,182.243,-1.469,180.767,179.475,-0.642,178.892,03:02,2,179
07/16/26 11:03,182.267,-1.601,180.671,179.322,-0.55,178.738,03:03,2,179
07/16/26 11:04,182.163,-1.255,180.932,179.2,-0.575,178.6,03:04,2,179
07/16/26 11:05,181.687,-0.815,180.886,178.962,-0.262,178.678,03:05,2,179
07/16/26 11:06,181.363,-0.63,180.76,178.65,-0.1,178.608,03:06,2,179
07/16/26 11:07,181.777,-1.412,180.366,178.522,0.213,178.757,03:07,2,179
07/16/26 11:08,181.94,-1.575,180.362,178.592,0.175,178.8,03:08,2,179
07/16/26 11:09,181.857,-1.064,180.79,178.625,0.122,178.722,03:09,2,179
07/16/26 11:10,182.143,-0.576,181.507,178.75,0.083,178.825,03:10,2,179
07/16/26 11:11,182.443,-1.063,181.363,178.925,-0.015,178.877,03:11,2,179
07/16/26 11:12,181.623,-0.86,180.781,179.175,-0.2,178.975,03:12,2,179
07/16/26 11:13,181.48,-0.882,180.602,179.35,-0.067,179.283,03:13,2,179
07/16/26 11:14,181.683,-1.222,180.462,179.475,-0.1,179.367,03:14,2,179
07/16/26 11:15,182.097,-1.445,180.668,179.528,-0.097,179.453,03:15,2,179
07/16/26 11:16,182.37,-1.519,180.826,179.667,-0.183,179.483,03:16,2,179
07/16/26 11:17,181.953,-1.455,180.478,179.857,-0.178,179.678,03:17,2,179
07/16/26 11:18,181.61,-0.791,180.838,179.808,-0.35,179.55,03:18,2,179
07/16/26 11:19,181.637,-0.626,181.006,179.895,-0.553,179.365,03:19,2,179
07/16/26 11:20,180.98,-0.86,180.12,179.833,-0.708,179.158,03:20,2,179
07/16/26 11:21,181.64,-1.151,180.506,179.842,-0.978,178.877,03:21,2,179
07/16/26 11:22,181.84,-1.324,180.521,179.742,-1.1,178.642,03:22,2,179
07/16/26 11:23,181.98,-1.446,180.526,179.513,-0.838,178.7,03:23,2,179
07/16/26 11:24,182.133,-1.403,180.731,179.242,-0.517,178.733,03:24,2,179
07/16/26 11:25,181.743,-0.94,180.833,178.985,-0.182,178.837,03:25,2,179
07/16/26 11:26,181.28,-0.297,180.968,179.075,-0.233,178.9,03:26,2,179
07/16/26 11:27,181.27,-0.502,180.768,179.273,-0.37,178.925,03:27,2,179
07/16/26 11:28,181.62,-1.051,180.595,179.267,-0.133,179.167,03:28,2,179
07/16/26 11:29,181.623,-0.764,180.905,179.283,0.175,179.433,03:29,2,179
07/16/26 11:30,182.447,-0.889,181.53,179.425,-0.192,179.225,03:30,2,179
07/16/26 11:31,182.327,-1.443,180.868,179.657,-0.478,179.12,03:31,2,179
07/16/26 11:32,181.657,-0.942,180.728,179.642,-0.533,179.1,03:32,2,179
07/16/26 11:33,181.81,-0.736,181.071,179.418,-0.343,179.047,03:33,2,179
07/16/26 11:34,181.43,-0.661,180.779,179.3,-0.233,179.075,03:34,2,179
07/16/26 11:35,181.677,-1.379,180.309,179.28,-0.305,178.942,03:35,2,179
07/16/26 11:36,182.263,-1.969,180.317,179.392,-0.525,178.867,03:36,2,179
07/16/26 11:37,182.133,-1.378,180.808,179.433,-0.578,178.855,03:37,2,179
07/16/26 11:38,182.433,-1.393,181.063,179.458,-0.625,178.833,03:38,2,179
07/16/26 11:39,182.3,-1.197,181.106,179.603,-0.753,178.85,03:39,2,179
07/16/26 11:40,182.193,-1.033,181.169,179.642,-0.642,179,03:40,2,179
07/16/26 11:41,181.677,-0.271,181.409,179.778,-0.643,179.102,03:41,2,179
07/16/26 11:42,181.567,-0.447,181.103,179.783,-0.658,179.192,03:42,2,179
07/16/26 11:43,182.163,-1.234,180.889,179.465,-0.14,179.35,03:43,2,179
07/16/26 11:44,182.247,-1.378,180.873,179.458,0.008,179.442,03:44,2,179
07/16/26 11:45,181.823,-0.882,180.927,179.495,0.003,179.478,03:45,2,179
07/16/26 11:46,182.003,-1.046,180.948,179.517,-0.017,179.475,03:46,2,179
07/16/26 11:47,182.447,-1.421,181.028,179.658,-0.203,179.433,03:47,2,179
07/16/26 11:48,181.693,-0.91,180.792,179.575,-0.417,179.158,03:48,2,179
07/16/26 11:49,181.32,-0.757,180.54,179.708,-0.712,179.017,03:49,2,179
07/16/26 11:50,181.6,-0.9,180.692,179.808,-0.933,178.908,03:50,2,179
07/16/26 11:51,181.813,-1.152,180.658,179.8,-0.888,178.853,03:51,2,179
07/16/26 11:52,182.387,-1.22,181.151,179.775,-0.933,178.833,03:52,2,179
07/16/26 11:53,182.217,-1.177,181.003,179.642,-0.837,178.78,03:53,2,179
07/16/26 11:54,181.303,-0.809,180.5,179.517,-0.583,178.925,03:54,2,179
07/16/26 11:55,181.483,-0.805,180.675,179.478,-0.48,178.998,03:55,2,179
07/16/26 11:56,180.883,-0.936,179.94,179.467,-0.558,178.942,03:56,2,179
07/16/26 11:57,181.857,-1.783,180.072,179.5,-0.575,178.925,03:57,2,179
07/16/26 11:58,182.09,-1.629,180.514,179.533,-0.475,179.025,03:58,2,179
07/16/26 11:59,182.02,-1.546,180.547,179.533,-0.375,179.158,03:59,2,179
07/16/26 12:00,182.063,-1.123,180.926,179.475,-0.15,179.325,04:00,2,179
07/16/26 12:01,182.183,-1.369,180.84,179.45,-0.228,179.255,04:01,2,179
07/16/26 12:02,181.463,-0.693,180.805,179.45,-0.008,179.475,04:02,2,179
07/16/26 12:03,181.873,-0.678,181.182,179.557,-0.193,179.363,04:03,2,179
07/16/26 12:04,181.71,-0.927,180.778,179.542,-0.3,179.242,04:04,2,179
07/16/26 12:05,181.32,-1.081,180.235,179.525,-0.353,179.172,04:05,2,179
07/16/26 12:06,182.46,-1.014,181.424,179.542,-0.325,179.217,04:06,2,179
07/16/26 12:07,182.707,-1.435,181.268,179.603,-0.64,178.997,04:07,2,179
07/16/26 12:08,182.047,-0.933,181.099,179.7,-0.675,179.025,04:08,2,179
07/16/26 12:09,182.25,-0.921,181.343,179.725,-0.743,178.975,04:09,2,179
07/16/26 12:10,182.127,-1.221,180.901,179.775,-0.742,179.05,04:10,2,179
07/16/26 12:11,181.52,-1.646,179.879,179.7,-0.51,179.178,04:11,2,179
07/16/26 12:12,181.717,-1.556,180.123,179.583,-0.408,179.175,04:12,2,179
07/16/26 12:13,182.187,-1.179,181,179.313,-0.213,179.118,04:13,2,179
07/16/26 12:14,182,-1.218,180.76,179.267,-0.017,179.25,04:14,2,179
07/16/26 12:15,181.993,-1.4,180.625,179.19,0.033,179.223,04:15,2,179
07/16/26 12:16,181.387,-1.136,180.264,179.142,0,179.2,04:16,2,179
07/16/26 12:17,181.513,-1.103,180.427,179.178,-0.103,179.122,04:17,2,179
07/16/26 12:18,182.007,-1.439,180.59,179.317,-0.283,179.042,04:18,2,179
07/16/26 12:19,181.597,-0.992,180.609,179.502,-0.578,178.923,04:19,2,179
07/16/26 12:20,181.717,-0.85,180.855,179.633,-0.792,178.875,04:20,2,179
07/16/26 12:21,182.333,-1.293,181.029,179.703,-1.118,178.56,04:21,2,179
07/16/26 12:22,181.86,-1.039,180.84,179.792,-1.3,178.517,04:22,2,179
07/16/26 12:23,181.307,-0.489,180.812,179.763,-1.09,178.673,04:23,2,179
07/16/26 12:24,181.807,-0.872,180.955,179.608,-0.983,178.625,04:24,2,179
07/16/26 12:25,181.847,-1.465,180.395,179.497,-0.867,178.63,04:25,2,179
07/16/26 12:26,182.093,-1.21,180.909,179.517,-0.933,178.558,04:26,2,179
07/16/26 12:27,181.85,-0.998,180.886,179.438,-0.688,178.728,04:27,2,179
07/16/26 12:28,181.687,-0.686,180.988,179.208,-0.1,179.117,04:28,2,179
07/16/26 12:29,181.887,-0.501,181.384,179.167,-0.148,178.997,04:29,2,179
07/16/26 12:30,181.66,-0.582,181.081,179.167,-0.092,179.05,04:30,estab,119
07/16/26 12:31,181.377,-0.678,180.704,179.277,0.025,179.278,04:31,estab,119
07/16/26 12:32,181.687,-1.236,180.434,179.4,0.092,179.458,04:32,estab,119
07/16/26 12:33,182.123,-1.248,180.869,179.3,0.278,179.578,04:33,estab,119
07/16/26 12:34,181.85,-0.837,181.025,179.517,-0.033,179.483,04:34,estab,119
07/16/26 12:35,181.697,-0.242,181.456,179.475,0.008,179.478,04:35,estab,119
07/16/26 12:36,181.737,-0.378,181.364,179.333,0.242,179.567,04:36,estab,119
07/16/26 12:37,181.76,-0.6,181.091,179.4,0.075,179.475,04:37,estab,119
07/16/26 12:38,181.503,-0.705,180.797,179.467,-0.25,179.183,04:38,estab,119
07/16/26 12:39,181.647,-0.457,181.186,179.57,-0.292,179.245,04:39,estab,119
07/16/26 12:40,182.083,-1.059,180.992,179.425,-0.308,179.15,04:40,estab,119
07/16/26 12:41,181.91,-1.302,180.569,179.437,-0.485,178.952,04:41,estab,119
07/16/26 12:42,181.31,-0.614,180.691,179.675,-0.725,178.95,04:42,estab,119
07/16/26 12:43,181.847,-0.457,181.35,179.715,-0.587,179.128,04:43,estab,119
07/16/26 12:44,157.783,1.625,159.462,142.35,2.183,144.533,04:44,estab,119
07/16/26 12:45,123.073,0.069,123.501,119.492,0,119.492,04:45,estab,119
07/16/26 12:46,120.29,-0.812,119.472,119.758,-0.025,119.733,04:46,estab,119
07/16/26 12:47,119.967,-0.769,119.203,120.122,-0.398,119.723,04:47,estab,119
07/16/26 12:48,120.13,-0.304,119.846,119.908,-0.3,119.608,04:48,estab,119
07/16/26 12:49,120.383,-0.198,120.211,119.718,-0.222,119.522,04:49,estab,119
07/16/26 12:50,120.133,-0.126,120.018,119.483,-0.025,119.467,04:50,estab,119
07/16/26 12:51,119.66,0.02,119.684,119.322,0.075,119.397,04:51,estab,119
07/16/26 12:52,119.763,0.123,119.883,119.242,0,119.217,04:52,estab,119
07/16/26 12:53,119.81,-0.36,119.45,119.01,-0.025,118.997,04:53,estab,119
07/16/26 12:54,119.437,-1.013,118.432,118.933,0.05,119.017,04:54,estab,119
07/16/26 12:55,120,-0.584,119.427,119.05,0.068,119.118,04:55,estab,119
07/16/26 12:56,120.267,-0.42,119.831,119.225,-0.192,119.067,04:56,estab,119
07/16/26 12:57,119.65,-0.352,119.308,119.378,-0.44,118.938,04:57,estab,119
07/16/26 12:58,119.283,-0.062,119.227,119.4,-0.533,118.833,04:58,estab,119
07/16/26 12:59,119.647,-0.416,119.226,119.458,-0.698,118.76,04:59,estab,119
07/16/26 13:00,119.673,-0.425,119.278,119.675,-0.792,118.883,05:00,estab,119
07/16/26 13:01,119.623,-0.444,119.179,119.64,-0.723,118.917,05:01,estab,119
07/16/26 13:02,119.763,-0.616,119.139,119.35,-0.433,118.917,05:02,estab,119
07/16/26 13:03,120.227,-0.864,119.385,119.222,-0.255,118.967,05:03,estab,119
07/16/26 13:04,119.783,-0.461,119.367,119.142,-0.058,119.083,05:04,estab,119
07/16/26 13:05,119.35,-0.132,119.247,118.91,0.262,119.205,05:05,estab,119
07/16/26 13:06,119.387,0.042,119.428,118.9,0.25,119.15,05:06,estab,119
07/16/26 13:07,119.517,-0.314,119.222,118.848,0.227,119.075,05:07,estab,119
07/16/26 13:08,119.82,-0.841,118.965,119.083,-0.083,119,05:08,estab,119
07/16/26 13:09,119.873,-0.749,119.129,119.107,-0.26,118.822,05:09,estab,119
07/16/26 13:10,119.827,-0.385,119.442,119,-0.167,118.825,05:10,estab,119
07/16/26 13:11,119.61,-0.13,119.492,118.937,-0.083,118.82,05:11,estab,119
07/16/26 13:12,119.273,-0.23,119.099,119.067,-0.242,118.825,05:12,estab,119
07/16/26 13:13,119.597,-0.373,119.218,118.922,0.032,118.953,05:13,estab,119
07/16/26 13:14,119.38,-0.426,118.96,118.817,0.058,118.875,05:14,estab,119
07/16/26 13:15,119.19,-0.285,118.896,118.7,0.092,118.767,05:15,estab,119
07/16/26 13:16,119.467,-0.302,119.168,118.608,0.258,118.825,05:16,estab,119
07/16/26 13:17,119.57,-0.503,119.063,118.815,0.04,118.855,05:17,estab,119
07/16/26 13:18,119.65,-0.068,119.563,118.875,-0.05,118.8,05:18,estab,119
07/16/26 13:19,119.6,0.003,119.602,118.805,-0.033,118.75,05:19,estab,119
07/16/26 13:20,119.653,-0.276,119.356,118.783,-0.3,118.508,05:20,estab,119
07/16/26 13:21,119.287,-0.257,119.016,118.725,-0.305,118.442,05:21,estab,119
07/16/26 13:22,119.363,-0.701,118.709,118.767,-0.392,118.375,05:22,estab,119
07/16/26 13:23,119.39,-0.627,118.735,118.775,-0.533,118.275,05:23,estab,119
07/16/26 13:24,119.813,-0.87,118.955,118.708,-0.542,118.133,05:24,estab,119
07/16/26 13:25,119.96,-0.897,119.021,118.517,-0.292,118.225,05:25,estab,119
07/16/26 13:26,119.347,-0.492,118.842,118.375,-0.075,118.267,05:26,estab,119
07/16/26 13:27,118.977,-0.232,118.753,118.325,0.078,118.403,05:27,estab,119
07/16/26 13:28,118.907,-0.676,118.228,118.317,0.125,118.442,05:28,estab,119
07/16/26 13:29,119.157,-0.729,118.435,118.2,0.22,118.478,05:29,estab,119
07/16/26 13:30,119.8,-0.991,118.82,118.2,0.267,118.475,05:30,estab,119
07/16/26 13:31,119.803,-0.465,119.34,118.283,0.228,118.473,05:31,estab,119
07/16/26 13:32,119.727,-0.1,119.607,118.483,-0.1,118.375,05:32,estab,119
07/16/26 13:33,119.293,0.084,119.367,118.628,-0.353,118.247,05:33,estab,119
07/16/26 13:34,118.86,0.366,119.203,118.45,-0.242,118.183,05:34,estab,119
07/16/26 13:35,118.803,-0.077,118.725,118.275,-0.123,118.177,05:35,estab,119
07/16/26 13:36,119.01,-0.529,118.459,118.233,-0.042,118.2,05:36,estab,119
07/16/26 13:37,119.203,-0.584,118.626,118.117,0.015,118.157,05:37,estab,119
07/16/26 13:38,120.04,-0.447,119.608,118,0,117.983,05:38,estab,119
07/16/26 13:39,120.17,-0.645,119.554,117.818,0.123,117.92,05:39,estab,119
07/16/26 13:40,119.453,-0.312,119.16,117.758,0.117,117.85,05:40,estab,119
07/16/26 13:41,119.36,0.084,119.443,117.935,-0.185,117.727,05:41,estab,119
07/16/26 13:42,119.367,0.08,119.449,118.025,-0.45,117.575,05:42,estab,119
07/16/26 13:43,119.857,-0.811,119.039,118.08,-0.703,117.388,05:43,estab,119
07/16/26 13:44,119.99,-1.145,118.843,118.008,-0.767,117.25,05:44,estab,119
07/16/26 13:45,119.813,-0.655,119.134,118.02,-0.8,117.22,05:45,3,119
07/16/26 13:46,120.157,-0.664,119.484,118.025,-0.8,117.258,05:46,3,119
07/16/26 13:47,119.713,-0.437,119.288,118.158,-0.878,117.28,05:47,3,119
07/16/26 13:48,119.153,-0.061,119.106,118.2,-0.842,117.358,05:48,3,119
07/16/26 13:49,119.35,-0.596,118.771,118.142,-0.527,117.615,05:49,3,119
07/16/26 13:50,119.967,-1.015,118.967,118.183,-0.275,117.85,05:50,3,119
07/16/26 13:51,120.113,-1.145,118.994,118.358,-0.358,117.995,05:51,3,119
07/16/26 13:52,120.41,-0.972,119.457,118.483,-0.508,117.942,05:52,3,119
07/16/26 13:53,120.487,-0.864,119.623,118.477,-0.568,117.9,05:53,3,119
07/16/26 13:54,120.037,-0.681,119.364,118.217,-0.417,117.783,05:54,3,119
07/16/26 13:55,119.547,-0.092,119.465,118.2,-0.372,117.773,05:55,3,119
07/16/26 13:56,119.31,-0.122,119.2,118.208,-0.567,117.575,05:56,3,119
07/16/26 13:57,119.373,-0.603,118.775,118.118,-0.467,117.652,05:57,3,119
07/16/26 13:58,119.243,-0.162,119.106,118.042,-0.325,117.658,05:58,3,119
07/16/26 13:59,119.8,-0.076,119.723,118.025,-0.147,117.857,05:59,3,119
07/16/26 14:00,120.183,-0.243,119.943,118.1,0.033,118.108,06:00,3,119
07/16/26 14:01,120.027,-0.302,119.76,118.282,0.097,118.303,06:01,3,119
07/16/26 14:02,119.407,-0.004,119.426,118.342,0.125,118.433,06:02,3,119
07/16/26 14:03,119.207,-0.392,118.837,118.42,-0.028,118.373,06:03,3,119
07/16/26 14:04,120.33,-1.223,119.115,118.417,0.117,118.533,06:04,3,119
07/16/26 14:05,120.497,-1.532,118.971,118.398,0.155,118.558,06:05,3,119
07/16/26 14:06,120.69,-0.977,119.707,118.433,0.167,118.575,06:06,3,119
07/16/26 14:07,120.583,-0.524,120.066,118.4,0.173,118.578,06:07,3,119
07/16/26 14:08,120.013,0.018,120.038,118.458,0.2,118.667,06:08,3,119
07/16/26 14:09,119.59,0.03,119.633,118.55,0.128,118.678,06:09,3,119
07/16/26 14:10,119.613,-0.244,119.342,118.7,0.008,118.708,06:10,3,119
07/16/26 14:11,120.053,-0.98,119.061,118.89,-0.31,118.6,06:11,3,119
07/16/26 14:12,120.267,-1.318,118.98,118.892,-0.3,118.567,06:12,3,119
07/16/26 14:13,120.217,-0.725,119.48,119,-0.307,118.652,06:13,3,119
07/16/26 14:14,120.143,-0.592,119.557,119.058,-0.6,118.425,06:14,3,119
07/16/26 14:15,119.96,-0.427,119.561,119.048,-0.715,118.333,06:15,3,119
07/16/26 14:16,120.08,-0.442,119.663,119.067,-0.642,118.425,06:16,3,119
07/16/26 14:17,119.663,-0.548,119.155,119.133,-0.675,118.478,06:17,3,119
07/16/26 14:18,119.533,-0.625,118.908,119.308,-0.808,118.5,06:18,3,119
07/16/26 14:19,119.433,-0.473,118.985,119.322,-0.852,118.47,06:19,3,119
07/16/26 14:20,119.603,-0.843,118.758,119.417,-1.083,118.333,06:20,3,119
07/16/26 14:21,119.947,-0.53,119.386,119.442,-1.013,118.462,06:21,3,119
07/16/26 14:22,119.82,-0.177,119.65,119.433,-0.892,118.483,06:22,3,119
07/16/26 14:23,120.12,-0.519,119.603,119.342,-0.808,118.537,06:23,3,119
07/16/26 14:24,119.453,-0.598,118.873,119.183,-0.683,118.542,06:24,3,119
07/16/26 14:25,119.12,-0.845,118.295,119.133,-0.575,118.578,06:25,3,119
07/16/26 14:26,119.027,-0.665,118.345,119.158,-0.567,118.625,06:26,3,119
07/16/26 14:27,119.433,-0.571,118.851,119.18,-0.372,118.808,06:27,3,119
07/16/26 14:28,120.003,-1.136,118.909,119.2,-0.167,119.008,06:28,3,119
07/16/26 14:29,119.86,-1.023,118.822,119.253,-0.273,118.958,06:29,3,119
07/16/26 14:30,119.42,-0.536,118.887,119.2,-0.408,118.817,06:30,3,119
07/16/26 14:31,119.65,-0.417,119.216,119.142,-0.363,118.8,06:31,3,119
07/16/26 14:32,120.32,-0.888,119.429,119.217,-0.475,118.708,06:32,3,119
07/16/26 14:33,119.533,-0.31,119.228,119.222,-0.58,118.642,06:33,3,119
07/16/26 14:34,119.763,-0.353,119.41,119.083,-0.542,118.542,06:34,3,119
07/16/26 14:35,119.837,-0.62,119.227,119,-0.603,118.363,06:35,3,119
07/16/26 14:36,119.717,-0.237,119.509,118.967,-0.608,118.325,06:36,3,119
07/16/26 14:37,120.933,-0.165,120.684,120.022,-0.45,119.538,06:37,3,119
07/16/26 14:38,122.163,-0.253,121.935,121.158,0,121.158,06:38,3,119
07/16/26 14:39,119.433,-0.514,119.007,121.123,-0.033,121.057,06:39,3,119
07/16/26 14:40,118.793,-0.961,117.855,120.742,-0.4,120.367,06:40,3,119
07/16/26 14:41,118.823,-0.563,118.306,120.588,-0.243,120.4,06:41,3,119
07/16/26 14:42,119.293,-0.307,118.989,120.392,0.183,120.542,06:42,3,119
07/16/26 14:43,119.833,-0.808,119.025,120.275,0.542,120.802,06:43,3,119
07/16/26 14:44,119.713,-0.807,118.885,120.225,0.758,120.958,06:44,3,119
07/16/26 14:45,119.763,-0.623,119.159,120.3,0.825,121.103,06:45,3,119
07/16/26 14:46,119.667,-0.722,118.956,120.3,1.075,121.375,06:46,3,119
07/16/26 14:47,119.38,-1.122,118.282,120.325,1.357,121.682,06:47,3,119
07/16/26 14:48,120.19,-1.675,118.523,120.583,1.425,122.008,06:48,3,119
07/16/26 14:49,120.263,-1.528,118.748,120.678,1.343,122.022,06:49,3,119
07/16/26 14:50,119.92,-0.637,119.298,120.817,1.208,122.025,06:50,3,119
07/16/26 14:51,120.417,-0.83,119.603,120.743,1.382,122.125,06:51,3,119
07/16/26 14:52,120.15,-0.9,119.257,120.733,1.592,122.292,06:52,3,119
07/16/26 14:53,120.07,-0.691,119.395,120.81,1.49,122.3,06:53,3,119
07/16/26 14:54,120.443,-1.205,119.235,120.717,1.492,122.208,06:54,3,119
07/16/26 14:55,120.39,-0.874,119.491,120.58,1.698,122.278,06:55,3,119
07/16/26 14:56,120.967,-1.054,119.901,120.508,1.967,122.475,06:56,3,119
07/16/26 14:57,121.063,-1.113,119.978,120.505,2.075,122.547,06:57,3,119
07/16/26 14:58,120.527,-0.844,119.694,120.575,2.092,122.667,06:58,3,119
07/16/26 14:59,120.8,-1.27,119.544,120.422,2.223,122.678,06:59,3,119
07/16/26 15:00,121.073,-1.973,119.077,120.275,2.45,122.725,07:00,3,119
07/16/26 15:01,120.55,-1.55,119.016,120.378,2.455,122.833,07:01,3,119
07/16/26 15:02,120.437,-1.144,119.287,120.3,2.583,122.917,07:02,3,119
07/16/26 15:03,120.853,-1.134,119.708,120.342,2.63,122.947,07:03,3,119
07/16/26 15:04,121.247,-0.627,120.623,120.15,2.833,123,07:04,3,119
07/16/26 15:05,120.703,-0.175,120.542,120.235,2.8,123.058,07:05,3,119
07/16/26 15:06,120.58,-0.458,120.118,120.3,2.917,123.183,07:06,3,119
07/16/26 15:07,120.49,-1.175,119.339,120.437,2.933,123.345,07:07,3,119
07/16/26 15:08,120.42,-1.096,119.347,120.475,2.967,123.433,07:08,3,119
07/16/26 15:09,120.687,-0.84,119.842,120.4,3.045,123.478,07:09,3,119
07/16/26 15:10,120.807,-0.737,120.084,120.317,3.1,123.442,07:10,3,119
07/16/26 15:11,121.527,-1.021,120.519,120.117,3.228,123.4,07:11,3,119
07/16/26 15:12,121.28,-0.772,120.519,119.967,3.375,123.375,07:12,3,119
07/16/26 15:13,120.763,-0.248,120.535,119.922,3.345,123.3,07:13,3,119
07/16/26 15:14,120.563,-0.263,120.303,119.625,3.525,123.208,07:14,3,119
07/16/26 15:15,120.717,-0.824,119.905,119.703,3.293,123.018,07:15,3,119
07/16/26 15:16,121.187,-1.258,119.902,119.775,3.208,122.983,07:16,3,119
07/16/26 15:17,121.55,-1.181,120.345,119.795,3.382,123.21,07:17,3,119
07/16/26 15:18,121.873,-1.299,120.578,119.867,3.492,123.292,07:18,3,119
07/16/26 15:19,121.487,-0.916,120.552,119.688,3.637,123.358,07:19,3,119
07/16/26 15:20,120.82,-0.763,120.067,119.675,3.808,123.483,07:20,3,119
07/16/26 15:21,120.627,-0.205,120.443,119.678,3.972,123.67,07:21,3,119
07/16/26 15:22,121.043,-0.575,120.437,119.758,4.067,123.792,07:22,3,119
07/16/26 15:23,121.267,-1.054,120.209,119.742,4.133,123.875,07:23,3,119
07/16/26 15:24,121.433,-0.792,120.634,119.792,3.975,123.708,07:24,3,119
07/16/26 15:25,121.253,-0.386,120.864,119.883,3.942,123.803,07:25,3,119
07/16/26 15:26,121.6,-0.624,120.967,119.883,3.9,123.783,07:26,3,119
07/16/26 15:27,121.753,-0.723,121.01,119.858,3.842,123.718,07:27,3,119
07/16/26 15:28,121.253,-0.975,120.299,119.875,3.8,123.642,07:28,3,119
07/16/26 15:29,121.25,-0.77,120.477,119.825,3.698,123.523,07:29,3,119
07/16/26 15:30,121.563,-0.92,120.634,119.983,3.475,123.458,07:30,3,119
07/16/26 15:31,121.58,-1.254,120.331,120.1,3.5,123.6,07:31,3,119
07/16/26 15:32,121.183,-0.548,120.641,120.1,3.583,123.683,07:32,3,119
07/16/26 15:33,121.227,0.153,121.368,120.257,3.577,123.858,07:33,3,119
07/16/26 15:34,120.757,-0.226,120.535,120.325,3.6,123.9,07:34,3,119
07/16/26 15:35,120.67,-0.664,120.002,120.502,3.38,123.882,07:35,3,119
07/16/26 15:36,121.23,-0.627,120.619,120.567,3.508,124.075,07:36,3,119
07/16/26 15:37,122.017,-1.217,120.795,120.542,3.505,124.072,07:37,3,119
07/16/26 15:38,121.84,-0.783,121.051,120.617,3.358,123.95,07:38,3,119
07/16/26 15:39,121.713,-0.557,121.161,120.568,3.22,123.797,07:39,3,119
07/16/26 15:40,121.19,-0.171,121.022,120.683,3.083,123.758,07:40,3,119
07/16/26 15:41,121.607,-0.078,121.521,120.767,3.195,123.937,07:41,3,119
07/16/26 15:42,121.283,-0.039,121.232,120.858,3.142,123.992,07:42,3,119
07/16/26 15:43,121.233,-0.448,120.826,120.822,3.172,124.047,07:43,3,119
07/16/26 15:44,121.777,-1.211,120.556,120.767,3.358,124.125,07:44,3,119
07/16/26 15:45,122.363,-1.222,121.14,120.688,3.59,124.303,07:45,3,119
07/16/26 15:46,121.987,-0.51,121.46,120.85,3.575,124.433,07:46,3,119
07/16/26 15:47,121.687,-0.402,121.288,120.743,3.69,124.433,07:47,3,119
07/16/26 15:48,121.487,-0.577,120.923,120.675,3.783,124.458,07:48,3,119
07/16/26 15:49,120.85,-0.482,120.366,120.6,3.925,124.525,07:49,3,119
07/16/26 15:50,121.117,-0.751,120.38,120.658,3.858,124.517,07:50,3,119
07/16/26 15:51,121.287,-1.166,120.083,120.777,3.598,124.375,07:51,3,119
07/16/26 15:52,121.68,-1.178,120.44,120.933,3.492,124.392,07:52,3,119
07/16/26 15:53,121.663,-0.441,121.231,120.8,3.677,124.477,07:53,3,119
07/16/26 15:54,121.733,-0.502,121.234,120.883,3.5,124.417,07:54,3,119
07/16/26 15:55,121.35,-0.115,121.242,121.02,3.32,124.32,07:55,3,119
07/16/26 15:56,121.133,-0.298,120.843,121.117,3.2,124.325,07:56,3,119
07/16/26 15:57,121.333,-0.998,120.385,121.253,3.168,124.4,07:57,3,119
07/16/26 15:58,121.32,-1.153,120.168,121.108,3.317,124.425,07:58,3,119
07/16/26 15:59,121.15,-0.885,120.237,121.125,3.297,124.422,07:59,3,119
07/16/26 16:00,121.573,-0.782,120.806,121.167,3.117,124.283,08:00,3,119
07/16/26 16:01,121.337,-0.071,121.278,121.065,3.16,124.258,08:01,3,119
07/16/26 16:02,121.02,-0.348,120.746,120.975,3.442,124.417,08:02,3,119
07/16/26 16:03,121.713,-1.413,120.314,120.855,3.43,124.305,08:03,3,119
07/16/26 16:04,121.47,-1.48,120.007,120.825,3.5,124.292,08:04,3,119
07/16/26 16:05,120.883,-1.14,119.781,120.822,3.453,124.242,08:05,3,119
07/16/26 16:06,121.03,-1.035,119.986,120.717,3.542,124.258,08:06,3,119
07/16/26 16:07,121.307,-0.695,120.609,120.727,3.76,124.487,08:07,3,119
07/16/26 16:08,120.99,-0.337,120.691,120.9,3.475,124.442,08:08,3,119
07/16/26 16:09,120.873,-0.511,120.385,120.9,3.393,124.322,08:09,3,119
07/16/26 16:10,121.077,-0.829,120.248,120.775,3.6,124.367,08:10,3,119
07/16/26 16:11,120.733,-1.062,119.709,120.8,3.533,124.358,08:11,3,119
07/16/26 16:12,120.81,-0.867,119.986,120.983,3.475,124.458,08:12,3,119
07/16/26 16:13,121.803,-1.189,120.601,121.182,3.185,124.397,08:13,3,119
07/16/26 16:14,121.637,-1.211,120.436,121.183,3.208,124.417,08:14,3,119
07/16/26 16:15,121.243,-0.399,120.847,121.075,3.502,124.602,08:15,3,119
07/16/26 16:16,120.827,-0.168,120.672,121.058,3.567,124.633,08:16,3,119
07/16/26 16:17,120.387,-0.175,120.222,121.042,3.58,124.577,08:17,3,119
07/16/26 16:18,120.953,-0.843,120.122,121,3.425,124.45,08:18,3,119
07/16/26 16:19,121.447,-0.939,120.518,120.863,3.353,124.217,08:19,3,119
07/16/26 16:20,121.647,-0.802,120.82,120.842,3.083,123.925,08:20,3,119
07/16/26 16:21,121.483,-0.81,120.655,120.597,3.1,123.663,08:21,3,119
07/16/26 16:22,121.213,-0.581,120.633,120.433,2.983,123.417,08:22,3,119
07/16/26 16:23,120.89,-0.599,120.305,120.467,2.772,123.218,08:23,3,119
07/16/26 16:24,120.383,-0.17,120.216,120.442,2.633,123.075,08:24,3,119
07/16/26 16:25,121.17,-0.553,120.627,120.23,2.832,123.087,08:25,3,119
07/16/26 16:26,121.667,-0.947,120.715,120.017,3.158,123.183,08:26,3,119
07/16/26 16:27,121.47,-1.447,120.07,119.925,3.433,123.333,08:27,3,119
07/16/26 16:28,121.573,-0.994,120.572,120,3.375,123.358,08:28,3,119
07/16/26 16:29,121.543,-0.314,121.252,120.102,3.147,123.247,08:29,3,119
07/16/26 16:30,121.327,-0.428,120.902,120.108,3.192,123.325,08:30,3,119
07/16/26 16:31,120.89,-0.536,120.391,120.105,3.195,123.3,08:31,3,119
07/16/26 16:32,121.14,-0.613,120.519,120.167,3.075,123.267,08:32,3,119
07/16/26 16:33,121.163,-0.998,120.192,120.258,2.922,123.222,08:33,3,119
07/16/26 16:34,121.657,-1.374,120.255,120.383,2.792,123.175,08:34,3,119
07/16/26 16:35,122.17,-1.199,120.963,120.442,2.835,123.302,08:35,3,119
07/16/26 16:36,121.973,-0.641,121.317,120.333,3.108,123.458,08:36,3,119
07/16/26 16:37,121.39,-0.189,121.217,120.4,3.043,123.422,08:37,3,119
07/16/26 16:38,121.023,-0.315,120.72,120.342,3.083,123.425,08:38,3,119
07/16/26 16:39,121.002,-0.456,120.566,120.373,3.023,123.388,08:39,3,119
07/16/26 16:40,121.23,-0.489,120.769,120.333,3,123.317,08:40,3,119
07/16/26 16:41,121.453,-1.019,120.431,120.165,3.077,123.218,08:41,3,119
07/16/26 16:42,121.66,-1.107,120.572,120.1,2.917,123.017,08:42,3,119
07/16/26 16:43,121.88,-0.613,121.256,120.06,2.862,122.922,08:43,3,119
07/16/26 16:44,121.217,0.033,121.255,120.1,2.925,123.05,08:44,3,119
07/16/26 16:45,120.88,-0.185,120.697,120.185,2.79,122.998,08:45,estab,80
07/16/26 16:46,121.137,-0.066,121.04,120.133,2.835,122.935,08:46,estab,80
07/16/26 16:47,121.007,-0.01,120.977,120.29,2.767,123.057,08:47,estab,80
07/16/26 16:48,107.717,1.194,108.844,87.222,5.442,92.642,08:48,estab,80
07/16/26 16:49,83.9,0.54,84.473,80.483,1.853,82.28,08:49,estab,80
07/16/26 16:50,81.12,-0.683,80.44,79.667,2.175,81.842,08:50,estab,80
07/16/26 16:51,80.477,0.16,80.607,79.652,2.267,81.925,08:51,estab,80
07/16/26 16:52,79.953,0.423,80.403,79.633,2.417,82.083,08:52,estab,80
07/16/26 16:53,80.597,-0.3,80.31,79.658,2.553,82.233,08:53,estab,80
07/16/26 16:54,80.81,-0.731,80.099,79.7,2.558,82.258,08:54,estab,80
07/16/26 16:55,81.423,-1,80.46,79.675,2.625,82.3,08:55,4,80
07/16/26 16:56,81.517,-0.523,80.944,79.6,2.725,82.325,08:56,4,80
07/16/26 16:57,80.997,-0.011,81.014,79.522,2.903,82.425,08:57,4,80
07/16/26 16:58,80.997,-0.363,80.619,79.65,2.8,82.475,08:58,4,80
07/16/26 16:59,79.983,0.194,80.195,79.753,2.567,82.322,08:59,4,80
07/16/26 17:00,79.983,-0.183,79.781,79.675,2.625,82.267,09:00,4,80
07/16/26 17:01,80.693,-0.684,79.999,79.678,2.588,82.267,09:01,4,80
07/16/26 17:02,81.037,-0.809,80.224,79.842,2.45,82.292,09:02,4,80
07/16/26 17:03,80.98,-0.271,80.713,79.947,2.35,82.297,09:03,4,80
07/16/26 17:04,80.953,-0.235,80.7,80.092,2.017,82.142,09:04,4,80
07/16/26 17:05,80.413,0.239,80.679,80.075,2.135,82.177,09:05,4,80
07/16/26 17:06,80.36,0.748,81.107,80.067,2.167,82.225,09:06,4,80
07/16/26 17:07,80.31,0.045,80.334,80,2.278,82.3,09:07,4,80
07/16/26 17:08,80.21,0.167,80.365,80,2.417,82.45,09:08,4,80
07/16/26 17:09,80.367,-0.012,80.355,79.868,2.495,82.363,09:09,4,80
07/16/26 17:10,80.907,-0.483,80.419,79.933,2.542,82.45,09:10,4,80
07/16/26 17:11,80.769,-0.294,80.46,79.875,2.752,82.628,09:11,4,80
07/16/26 17:12,80.753,0.175,80.922,79.858,2.667,82.567,09:12,4,80
07/16/26 17:13,80.293,0.407,80.712,79.933,2.668,82.55,09:13,4,80
07/16/26 17:14,80.15,0.346,80.498,79.875,2.417,82.258,09:14,4,80
07/16/26 17:15,80.257,0.373,80.648,79.878,2.247,82.125,09:15,4,80
07/16/26 17:16,80.53,-0.259,80.281,79.842,2.425,82.233,09:16,4,80
07/16/26 17:17,80.533,-0.046,80.48,79.78,2.42,82.2,09:17,4,80
07/16/26 17:18,80.29,0.077,80.382,79.8,2.367,82.133,09:18,4,80
07/16/26 17:19,80.167,-0.194,79.98,79.722,2.297,82.018,09:19,4,80
07/16/26 17:20,79.823,0.337,80.164,79.725,2.325,82.05,09:20,4,80
07/16/26 17:21,80.223,0.259,80.47,79.8,2.457,82.237,09:21,4,80
07/16/26 17:22,80.393,-0.309,80.099,79.858,2.358,82.242,09:22,4,80
07/16/26 17:23,80.3,-0.619,79.707,79.875,2.303,82.2,09:23,4,80
07/16/26 17:24,80.427,-0.203,80.218,79.742,2.458,82.225,09:24,4,80
07/16/26 17:25,80.797,-0.015,80.773,79.778,2.422,82.163,09:25,4,80
07/16/26 17:26,80.873,-0.088,80.791,79.8,2.283,82.075,09:26,4,80
07/16/26 17:27,80.333,-0.244,80.108,79.723,2.225,81.982,09:27,4,80
07/16/26 17:28,79.697,-0.058,79.655,79.792,2.233,82.025,09:28,4,80
07/16/26 17:29,79.523,-0.468,79.065,79.78,2.275,82.075,09:29,4,80
07/16/26 17:30,79.403,-0.869,78.543,79.8,2.242,81.975,09:30,4,80
07/16/26 17:31,79.947,-1.095,78.818,79.742,2.08,81.822,09:31,4,80
07/16/26 17:32,79.8,-0.505,79.269,79.675,2.125,81.742,09:32,4,80
07/16/26 17:33,80.19,-0.444,79.71,79.625,2.2,81.802,09:33,4,80
07/16/26 17:34,80.097,-0.306,79.78,79.642,1.95,81.625,09:34,4,80
07/16/26 17:35,80.173,-0.464,79.728,79.6,1.897,81.477,09:35,4,80
07/16/26 17:36,80.203,-0.763,79.466,79.575,1.683,81.283,09:36,4,80
07/16/26 17:37,80.13,-1.138,78.988,79.533,1.65,81.205,09:37,4,80
07/16/26 17:38,80.453,-0.75,79.662,79.625,1.55,81.175,09:38,4,80
07/16/26 17:39,80.28,-0.331,79.957,79.575,1.702,81.225,09:39,4,80
07/16/26 17:40,80.333,0.021,80.357,79.5,1.583,81.117,09:40,4,80
07/16/26 17:41,79.867,0.173,80.051,79.455,1.62,81.095,09:41,4,80
07/16/26 17:42,79.79,0.023,79.811,79.283,1.742,81.025,09:42,4,80
07/16/26 17:43,79.947,-0.12,79.831,79.278,1.925,81.178,09:43,4,80
07/16/26 17:44,79.99,-0.321,79.687,79.267,2.033,81.267,09:44,4,80
07/16/26 17:45,80.51,-0.335,80.163,79.223,2.043,81.243,09:45,4,80
07/16/26 17:46,80.537,-0.936,79.63,79.267,1.942,81.208,09:46,4,80
07/16/26 17:47,80.023,-0.561,79.517,79.155,2.118,81.253,09:47,4,80
07/16/26 17:48,80.22,-0.344,79.872,79.1,2.217,81.283,09:48,4,80
07/16/26 17:49,80.297,-0.495,79.805,79.178,2.045,81.243,09:49,4,80
07/16/26 17:50,79.88,-0.18,79.71,79.233,1.917,81.175,09:50,4,80
07/16/26 17:51,79.617,0.149,79.748,79.225,1.775,81.022,09:51,4,80
07/16/26 17:52,80.653,-0.383,80.277,79.217,1.667,80.908,09:52,4,80
07/16/26 17:53,80.73,-0.541,80.195,79.15,1.727,80.882,09:53,4,80
07/16/26 17:54,80.9,-0.761,80.166,79.267,1.692,80.958,09:54,4,80
07/16/26 17:55,80.443,-0.375,80.1,79.242,1.803,81.078,09:55,4,80
07/16/26 17:56,80.01,-0.106,79.94,79.017,2.083,81.1,09:56,4,80
07/16/26 17:57,79.903,0,79.899,79.025,2.12,81.178,09:57,4,80
07/16/26 17:58,80.387,-0.407,79.952,79.217,2.008,81.225,09:58,4,80
07/16/26 17:59,79.923,-0.257,79.682,79.437,1.917,81.333,09:59,4,80
07/16/26 18:00,79.993,-0.094,79.93,79.55,1.658,81.208,10:00,4,80
07/16/26 18:01,80.53,-0.341,80.155,79.803,1.43,81.233,10:01,4,80
07/16/26 18:02,80.353,0.173,80.553,80.108,1.117,81.225,10:02,4,80
07/16/26 18:03,80.127,0.327,80.47,80.175,1.067,81.222,10:03,4,80
07/16/26 18:04,80.007,-0.163,79.863,80.1,1.125,81.225,10:04,4,80
07/16/26 18:05,80.543,-0.245,80.29,80.125,1.155,81.28,10:05,4,80
07/16/26 18:06,80.39,-0.049,80.347,80.167,1.192,81.358,10:06,4,80
07/16/26 18:07,80.76,-0.359,80.413,80.097,1.225,81.322,10:07,4,80
07/16/26 18:08,80.613,-0.443,80.18,79.942,1.325,81.3,10:08,4,80
07/16/26 18:09,80.407,0.069,80.484,79.9,1.4,81.3,10:09,4,80
07/16/26 18:10,79.963,0.246,80.218,79.992,1.4,81.392,10:10,4,80
07/16/26 18:11,80.04,0.181,80.22,80,1.635,81.582,10:11,4,80
07/16/26 18:12,79.987,-0.61,79.405,79.875,1.7,81.608,10:12,4,80
07/16/26 18:13,80.403,-0.403,80.039,79.9,1.803,81.703,10:13,4,80
07/16/26 18:14,81.187,-0.351,80.871,79.925,2.025,81.975,10:14,4,80
07/16/26 18:15,81.06,-0.415,80.627,79.942,2.053,82.075,10:15,4,80
07/16/26 18:16,80.52,-0.075,80.452,79.933,1.908,81.883,10:16,4,80
07/16/26 18:17,80.347,0.107,80.425,79.945,1.855,81.775,10:17,4,80
07/16/26 18:18,80.537,-0.29,80.253,79.967,1.775,81.7,10:18,4,80
07/16/26 18:19,80.343,-0.39,79.978,80,1.7,81.7,10:19,4,80
07/16/26 18:20,80.887,-0.801,80.112,79.883,1.7,81.583,10:20,4,80
07/16/26 18:21,81.27,-0.74,80.522,79.8,1.725,81.5,10:21,4,80
07/16/26 18:22,80.937,-0.172,80.75,79.858,1.708,81.558,10:22,4,80
07/16/26 18:23,80.89,-0.019,80.877,79.9,1.7,81.625,10:23,4,80
07/16/26 18:24,80.427,0.008,80.472,79.9,1.767,81.642,10:24,4,80
07/16/26 18:25,80.163,-0.147,80.005,79.817,1.862,81.678,10:25,4,80
07/16/26 18:26,79.927,-0.441,79.489,79.75,2.008,81.758,10:26,4,80
07/16/26 18:27,80.47,-0.714,79.741,79.9,1.893,81.8,10:27,4,80
07/16/26 18:28,80.447,-0.524,79.95,79.9,1.775,81.683,10:28,4,80
07/16/26 18:29,80.327,-0.055,80.267,79.92,1.7,81.62,10:29,4,80
07/16/26 18:30,80.01,0.053,80.073,79.9,1.758,81.658,10:30,4,80
07/16/26 18:31,79.99,-0.193,79.798,79.842,1.8,81.642,10:31,4,80
07/16/26 18:32,80.24,-0.807,79.435,79.95,1.558,81.567,10:32,4,80
07/16/26 18:33,79.847,-0.848,79.047,79.872,1.603,81.522,10:33,4,80
07/16/26 18:34,79.9,-0.82,79.1,79.642,1.85,81.5,10:34,4,80
07/16/26 18:35,80.22,-0.554,79.641,79.6,1.9,81.533,10:35,4,80
07/16/26 18:36,79.977,-0.251,79.706,79.6,1.925,81.5,10:36,4,80
07/16/26 18:37,79.753,0.009,79.742,79.542,1.822,81.34,10:37,4,80
07/16/26 18:38,79.81,-0.042,79.784,79.475,1.667,81.167,10:38,4,80
07/16/26 18:39,79.957,-0.492,79.492,79.347,1.758,81.122,10:39,4,80
07/16/26 18:40,79.49,-0.258,79.21,79.333,1.8,81.1,10:40,4,80
07/16/26 18:41,80.133,-0.564,79.579,79.347,1.643,80.968,10:41,4,80
07/16/26 18:42,80.407,-0.517,79.89,79.308,1.567,80.875,10:42,4,80
07/16/26 18:43,80.24,-0.257,79.961,79.197,1.762,80.978,10:43,4,80
07/16/26 18:44,80.213,0.224,80.464,79.133,1.933,81.067,10:44,4,80
07/16/26 18:45,80.173,-0.123,80.026,79.075,1.9,80.942,10:45,4,80
07/16/26 18:46,79.93,0.076,80.006,79,1.967,80.967,10:46,4,80
07/16/26 18:47,80.177,-0.951,79.195,79.058,1.823,80.9,10:47,4,80
07/16/26 18:48,80.247,-1.023,79.225,78.983,1.925,80.9,10:48,4,80
07/16/26 18:49,80.13,-0.482,79.699,78.978,1.875,80.875,10:49,4,80
07/16/26 18:50,80.303,-0.42,79.908,79,1.775,80.742,10:50,4,80
07/16/26 18:51,79.843,-0.28,79.523,79.025,1.798,80.823,10:51,4,80
07/16/26 18:52,79.84,-0.028,79.804,79.158,1.708,80.875,10:52,4,80
07/16/26 18:53,80.187,-0.317,79.872,79.243,1.605,80.8,10:53,4,80
07/16/26 18:54,79.993,-0.543,79.457,79.208,1.692,80.892,10:54,4,80
07/16/26 18:55,80.047,-0.113,79.979,79.225,1.642,80.9,10:55,4,80
07/16/26 18:56,80.643,-0.284,80.378,79.267,1.633,80.9,10:56,4,80
07/16/26 18:57,80.873,-1.006,79.892,79.378,1.418,80.797,10:57,4,80
07/16/26 18:58,80.62,-0.53,80.101,79.4,1.333,80.733,10:58,4,80
07/16/26 18:59,79.713,0.02,79.732,79.42,1.383,80.803,10:59,4,80
07/16/26 19:00,80.463,-0.213,80.3,79.4,1.467,80.9,11:00,4,80
07/16/26 19:01,80.14,-0.763,79.387,79.453,1.368,80.822,11:01,4,80
07/16/26 19:02,80.013,-0.473,79.529,79.525,1.308,80.833,11:02,4,80
07/16/26 19:03,80.973,-0.611,80.395,79.578,1.188,80.8,11:03,4,80
07/16/26 19:04,81.487,-0.776,80.676,79.6,1.267,80.892,11:04,4,80
07/16/26 19:05,81.213,-0.442,80.786,79.62,1.225,80.9,11:05,4,80
07/16/26 19:06,80.52,-0.225,80.305,79.6,1.267,80.9,11:06,4,80
07/16/26 19:07,80.54,0.321,80.901,79.658,1.242,80.918,11:07,4,80
07/16/26 19:08,80.17,0.185,80.374,79.758,1.167,80.925,11:08,4,80
07/16/26 19:09,80.247,-0.147,80.091,79.668,1.312,80.98,11:09,4,80
07/16/26 19:10,80.537,-0.311,80.24,79.7,1.333,81.033,11:10,4,80
07/16/26 19:11,81.247,-0.757,80.51,79.7,1.402,81.102,11:11,4,80
07/16/26 19:12,81.17,-0.295,80.864,79.7,1.5,81.2,11:12,4,80
07/16/26 19:13,80.53,0.489,81.024,79.7,1.423,81.157,11:13,4,80
07/16/26 19:14,80.207,0.432,80.649,79.7,1.483,81.217,11:14,4,80
07/16/26 19:15,80.55,-0.136,80.447,79.837,1.463,81.247,11:15,4,80
07/16/26 19:16,81.21,-0.359,80.865,79.9,1.4,81.275,11:16,4,80
07/16/26 19:17,80.693,-0.293,80.467,79.875,1.322,81.2,11:17,4,80
07/16/26 19:18,80.883,-0.166,80.708,79.825,1.342,81.15,11:18,4,80
07/16/26 19:19,80.563,-0.096,80.454,79.92,1.147,81.045,11:19,4,80
07/16/26 19:20,80.317,0.001,80.319,79.9,1.175,81.108,11:20,4,80
07/16/26 19:21,80.337,-0.188,80.171,80.035,1.008,81.043,11:21,4,80
07/16/26 19:22,80.163,-0.295,79.896,80.042,0.875,80.95,11:22,4,80
07/16/26 19:23,80.01,-0.223,79.84,80.103,0.85,80.92,11:23,4,80
07/16/26 19:24,80.58,-0.705,79.864,80.108,0.7,80.808,11:24,4,80
07/16/26 19:25,80.877,-0.643,80.243,80.178,0.725,80.878,11:25,4,80
07/16/26 19:26,81.417,-0.361,81.025,80.108,0.892,80.992,11:26,4,80
07/16/26 19:27,80.883,-0.117,80.779,80.1,0.95,81.05,11:27,4,80
07/16/26 19:28,80.77,0.154,80.932,80.042,1.175,81.25,11:28,4,80
07/16/26 19:29,80.013,-0.215,79.812,80.078,1.355,81.4,11:29,4,80
07/16/26 19:30,80.313,-0.739,79.561,80.008,1.442,81.517,11:30,4,80
07/16/26 19:31,80.71,-0.814,79.894,80,1.6,81.575,11:31,4,80
07/16/26 19:32,80.82,-0.636,80.176,79.908,1.533,81.5,11:32,4,80
07/16/26 19:33,80.747,-0.328,80.428,80.003,1.472,81.455,11:33,4,80
07/16/26 19:34,79.887,0.387,80.297,80.05,1.217,81.258,11:34,4,80
07/16/26 19:35,79.427,0.294,79.677,79.9,1.022,80.943,11:35,4,80
07/16/26 19:36,79.77,0.152,79.937,79.9,0.942,80.842,11:36,4,80
07/16/26 19:37,80.24,-0.531,79.731,79.842,0.763,80.605,11:37,4,80
07/16/26 19:38,80.27,-0.946,79.354,79.892,0.642,80.5,11:38,4,80
07/16/26 19:39,80.47,-0.303,80.179,79.907,0.517,80.423,11:39,4,80
07/16/26 19:40,81.113,-0.239,80.846,79.825,0.575,80.367,11:40,4,80
07/16/26 19:41,80.133,-0.031,80.13,79.725,0.675,80.458,11:41,4,80
07/16/26 19:42,79.64,0.34,80.008,79.742,0.717,80.5,11:42,4,80
07/16/26 19:43,79.89,-0.136,79.753,79.597,0.982,80.603,11:43,4,80
07/16/26 19:44,80.317,-0.591,79.746,79.567,1.058,80.667,11:44,4,80
07/16/26 19:45,80.887,-1.059,79.854,79.467,1.233,80.7,11:45,estab,41
07/16/26 19:46,80.643,-0.699,79.972,79.433,1.175,80.608,11:46,estab,41
07/16/26 19:47,80.57,-0.713,79.929,79.603,0.918,80.522,11:47,estab,41
07/16/26 19:48,80.057,-0.035,80.055,79.558,0.942,80.5,11:48,estab,41
07/16/26 19:49,80.083,-0.265,79.863,79.367,1.153,80.52,11:49,estab,41
07/16/26 19:50,80.21,-0.911,79.299,79.492,0.975,80.467,11:50,estab,41
07/16/26 19:51,80.183,-0.646,79.529,79.523,0.837,80.337,11:51,estab,41
07/16/26 19:52,80.303,-0.669,79.629,79.508,0.773,80.315,11:52,estab,41
07/16/26 19:53,80.287,-0.154,80.148,79.472,0.9,80.372,11:53,estab,41
07/16/26 19:54,73.753,0.708,74.363,57.607,3.713,61.32,11:54,estab,41
07/16/26 19:55,47.415,1.511,49.059,37.558,1.878,39.472,11:55,5,41
07/16/26 19:56,38.78,0.622,39.383,37.982,0.753,38.735,11:56,5,41
07/16/26 19:57,38.707,0.634,39.348,38,0.9,38.9,11:57,5,41
07/16/26 19:58,38.793,-0.1,38.69,38.025,0.808,38.875,11:58,5,41
07/16/26 19:59,38.88,-0.19,38.691,38.1,0.722,38.858,11:59,5,41
07/16/26 20:00,39.117,0.257,39.442,38.1,0.7,38.867,12:00,5,41
07/16/26 20:01,39.16,-0.123,39.05,38.158,0.642,38.798,12:01,5,41
07/16/26 20:02,38.687,-0.29,38.404,38.2,0.6,38.758,12:02,5,41
07/16/26 20:03,38.587,0.133,38.717,38.175,0.625,38.8,12:03,5,41
07/16/26 20:04,38.883,-0.151,38.767,38.1,0.667,38.8,12:04,5,41
07/16/26 20:05,39.077,-0.542,38.529,38.1,0.725,38.8,12:05,5,41
07/16/26 20:06,39.35,-1.025,38.294,38.1,0.8,38.892,12:06,5,41
07/16/26 20:07,39.57,-0.758,38.806,38.055,0.845,38.9,12:07,5,41
07/16/26 20:08,39.077,0.022,39.083,38,1.025,38.958,12:08,5,41
07/16/26 20:09,38.657,0.485,39.141,37.975,1,38.922,12:09,5,41
07/16/26 20:10,39.147,-0.049,39.07,37.9,1.025,38.925,12:10,5,41
07/16/26 20:11,38.657,0.005,38.651,37.978,1.047,39.025,12:11,5,41
07/16/26 20:12,38.603,-0.013,38.558,38,1.125,39.133,12:12,5,41
07/16/26 20:13,38.507,0.035,38.566,37.922,1.2,39.1,12:13,5,41
07/16/26 20:14,39.143,-0.301,38.853,38.017,1.108,39.1,12:14,5,41
07/16/26 20:15,38.99,-0.117,38.92,38.125,0.997,39.1,12:15,5,41
07/16/26 20:16,38.377,0.153,38.517,38.2,0.958,39.125,12:16,5,41
07/16/26 20:17,38.28,0.663,38.966,38.278,0.955,39.253,12:17,5,41
07/16/26 20:18,38.67,0.42,39.09,38.3,0.925,39.225,12:18,5,41
07/16/26 20:19,38.5,0.133,38.635,38.358,0.922,39.222,12:19,5,41
07/16/26 20:20,38.67,0.164,38.832,38.425,0.783,39.2,12:20,5,41
07/16/26 20:21,38.497,0.591,39.093,38.475,0.802,39.277,12:21,5,41
07/16/26 20:22,38.84,0.959,39.815,38.308,1.05,39.392,12:22,5,41
07/16/26 20:23,39.303,0.158,39.446,38.3,1.118,39.393,12:23,5,41
07/16/26 20:24,38.473,0.321,38.835,38.3,1.058,39.358,12:24,5,41
07/16/26 20:25,38.06,0.75,38.811,38.3,1.155,39.4,12:25,5,41
07/16/26 20:26,38.147,0.365,38.509,38.3,1.133,39.4,12:26,5,41
07/16/26 20:27,38.74,-0.058,38.669,38.377,1.1,39.443,12:27,5,41
07/16/26 20:28,38.797,-0.063,38.733,38.517,0.892,39.408,12:28,5,41
07/16/26 20:29,39.07,0.042,39.121,38.542,0.877,39.433,12:29,5,41
07/16/26 20:30,39.39,-0.158,39.24,38.5,0.933,39.4,12:30,5,41
07/16/26 20:31,38.677,0.424,39.038,38.475,0.875,39.317,12:31,5,41
07/16/26 20:32,38.283,0.313,38.662,38.375,0.883,39.292,12:32,5,41
07/16/26 20:33,38.49,0.082,38.545,38.3,1,39.3,12:33,5,41
07/16/26 20:34,38.513,0.333,38.82,38.183,1.083,39.242,12:34,5,41
07/16/26 20:35,39.007,0.122,39.111,37.947,1.252,39.175,12:35,5,41
07/16/26 20:36,39.207,-0.33,38.88,37.9,1.142,39.042,12:36,5,41
07/16/26 20:37,38.37,0.317,38.725,37.875,1.1,39,12:37,5,41
07/16/26 20:38,38.57,0.194,38.783,37.8,1.167,38.975,12:38,5,41
07/16/26 20:39,38.817,0.156,38.947,37.853,0.993,38.822,12:39,5,41
07/16/26 20:40,38.277,0.061,38.353,37.742,1.125,38.833,12:40,5,41
07/16/26 20:41,37.933,-0.168,37.84,37.667,1.175,38.82,12:41,5,41
07/16/26 20:42,38.67,-0.534,38.202,37.675,1.133,38.775,12:42,5,41
07/16/26 20:43,38.477,0.364,38.926,37.653,1.125,38.778,12:43,5,41
07/16/26 20:44,38.327,0.76,39.09,37.575,1.2,38.767,12:44,5,41
07/16/26 20:45,38.307,0.311,38.622,37.5,1.337,38.858,12:45,5,41
07/16/26 20:46,38.157,0.207,38.415,37.5,1.311,38.856,12:46,5,41
07/16/26 20:47,38.163,0.231,38.466,37.576,1.2,38.757,12:47,5,41
07/16/26 20:48,38.113,0.134,38.272,37.6,1.2,38.8,12:48,5,41
07/16/26 20:49,38.48,0.056,38.583,37.575,1.225,38.78,12:49,5,41
07/16/26 20:50,38.78,0.262,39.051,37.5,1.15,38.617,12:50,5,41
07/16/26 20:51,39.073,0.231,39.307,37.5,1.022,38.522,12:51,5,41
07/16/26 20:52,38.067,0.722,38.785,37.417,1.017,38.433,12:52,5,41
07/16/26 20:53,37.257,0.525,37.785,37.325,1.175,38.5,12:53,5,41
07/16/26 20:54,37.627,0.109,37.737,37.308,1.075,38.383,12:54,5,41
07/16/26 20:55,38.147,-0.607,37.628,37.3,1,38.3,12:55,5,41
07/16/26 20:56,38.667,-0.327,38.414,37.392,0.875,38.233,12:56,5,41
07/16/26 20:57,38.58,-0.039,38.556,37.418,0.848,38.3,12:57,5,41
07/16/26 20:58,38.49,-0.018,38.479,37.425,0.867,38.3,12:58,5,41
07/16/26 20:59,38.43,0.35,38.84,37.558,0.802,38.3,12:59,5,41
07/16/26 21:00,38.357,0.581,38.911,37.692,0.708,38.392,13:00,5,41
07/16/26 21:01,38.423,0.216,38.69,37.675,0.705,38.38,13:01,5,41
07/16/26 21:02,38.57,-0.399,38.188,37.567,0.975,38.508,13:02,5,41
07/16/26 21:03,39.087,-0.564,38.516,37.6,1.022,38.622,13:03,5,41
07/16/26 21:04,39.037,0.009,39.011,37.6,1.025,38.658,13:04,5,41
07/16/26 21:05,38.937,0.14,39.053,37.703,1.075,38.778,13:05,5,41
07/16/26 21:06,38.737,0.521,39.289,37.8,0.967,38.767,13:06,5,41
07/16/26 21:07,38.907,0.909,39.788,37.8,1.078,38.825,13:07,5,41
07/16/26 21:08,38.86,0.204,39.062,37.883,1.042,38.925,13:08,5,41
07/16/26 21:09,38.93,-0.059,38.873,38.045,0.818,38.897,13:09,5,41
07/16/26 21:10,38.66,0.01,38.697,38.192,0.667,38.858,13:10,5,41
07/16/26 21:11,39.2,0.114,39.328,38.2,0.7,38.9,13:11,5,41
07/16/26 21:12,39.2,-0.201,39.038,38.225,0.7,38.925,13:12,5,41
07/16/26 21:13,38.387,0.022,38.476,38.325,0.675,39.033,13:13,5,41
07/16/26 21:14,38.333,0.48,38.834,38.433,0.6,39.058,13:14,5,41
07/16/26 21:15,38.653,0.09,38.754,38.453,0.575,39.05,13:15,5,41
07/16/26 21:16,38.437,-0.062,38.372,38.375,0.583,38.992,13:16,5,41
07/16/26 21:17,38.68,-0.089,38.664,38.3,0.777,39.077,13:17,5,41
07/16/26 21:18,38.8,0.184,38.983,38.3,0.858,39.158,13:18,5,41
07/16/26 21:19,39.243,0.634,39.892,38.3,0.958,39.233,13:19,5,41
07/16/26 21:20,39.32,0.492,39.783,38.183,1,39.2,13:20,5,41
07/16/26 21:21,39.12,0.565,39.69,38.153,1.025,39.2,13:21,5,41
07/16/26 21:22,38.82,0.149,38.976,38.067,1.1,39.2,13:22,5,41
07/16/26 21:23,38.65,0.038,38.636,38.178,1.022,39.2,13:23,5,41
07/16/26 21:24,38.627,-0.181,38.499,38.225,0.942,39.167,13:24,5,41
07/16/26 21:25,39.083,-0.138,38.933,38.3,0.823,39.123,13:25,5,41
07/16/26 21:26,39.283,0.41,39.691,38.3,0.8,39.1,13:26,5,41
07/16/26 21:27,39.167,0.218,39.398,38.378,0.755,39.133,13:27,5,41
07/16/26 21:28,38.653,0.551,39.213,38.458,0.7,39.192,13:28,5,41
07/16/26 21:29,38.21,0.506,38.705,38.552,0.667,39.2,13:29,5,41
07/16/26 21:30,38.163,0.338,38.492,38.5,0.7,39.2,13:30,5,41
07/16/26 21:31,38.51,0.26,38.786,38.447,0.778,39.233,13:31,5,41
07/16/26 21:32,38.637,0.504,39.134,38.408,0.858,39.258,13:32,5,41
07/16/26 21:33,38.783,0.386,39.164,38.375,0.9,39.222,13:33,5,41
07/16/26 21:34,38.54,0.89,39.418,38.3,0.842,39.142,13:34,5,41
07/16/26 21:35,38.05,1.034,39.06,38.222,0.825,39.022,13:35,5,41
07/16/26 21:36,37.953,0.606,38.485,38.108,0.992,39.092,13:36,5,41
07/16/26 21:37,37.68,0.433,38.116,38.1,1,39.075,13:37,5,41
07/16/26 21:38,38.08,-0.379,37.694,38.008,0.883,38.942,13:38,5,41
07/16/26 21:39,38.006,0.162,38.194,38,0.8,38.822,13:39,5,41
07/16/26 21:40,38.157,0.697,38.873,38,0.858,38.8,13:40,5,41
07/16/26 21:41,38.283,0.506,38.745,37.923,0.875,38.793,13:41,5,41
07/16/26 21:42,38.26,0.459,38.683,37.9,0.858,38.792,13:42,5,41
07/16/26 21:43,38.453,-0.032,38.427,37.875,0.823,38.698,13:43,5,41
07/16/26 21:44,37.743,0.49,38.243,37.8,0.683,38.508,13:44,5,41
07/16/26 21:45,38.41,0.068,38.537,37.742,0.72,38.5,13:45,5,41
07/16/26 21:46,39.053,-0.259,38.796,37.7,0.8,38.5,13:46,5,41
07/16/26 21:47,38.437,0.048,38.476,37.667,0.8,38.475,13:47,5,41
07/16/26 21:48,38.413,0.411,38.811,37.667,0.742,38.4,13:48,5,41
07/16/26 21:49,38.583,0.091,38.68,37.642,0.783,38.425,13:49,5,41
07/16/26 21:50,38.023,0.54,38.548,37.658,0.933,38.525,13:50,5,41
07/16/26 21:51,37.803,0.437,38.264,37.7,0.958,38.633,13:51,5,41
07/16/26 21:52,38.273,-0.235,38.053,37.725,0.975,38.667,13:52,5,41
07/16/26 21:53,38.767,-0.464,38.323,37.722,0.9,38.6,13:53,5,41
07/16/26 21:54,38.763,-0.065,38.72,37.7,0.808,38.542,13:54,5,41
07/16/26 21:55,38.667,0.112,38.805,37.622,0.825,38.467,13:55,5,41
07/16/26 21:56,38.36,0.228,38.603,37.658,0.725,38.35,13:56,5,41
07/16/26 21:57,38.003,0.134,38.163,37.598,0.677,38.3,13:57,5,41
07/16/26 21:58,38.44,-0.307,38.13,37.617,0.675,38.3,13:58,5,41
07/16/26 21:59,38.63,-0.506,38.116,37.647,0.678,38.3,13:59,5,41
07/16/26 22:00,38.797,-0.343,38.458,37.792,0.633,38.392,14:00,5,41
07/16/26 22:01,38.45,0.225,38.659,37.858,0.647,38.503,14:01,5,41
07/16/26 22:02,38.52,0.285,38.827,37.992,0.633,38.6,14:02,5,41
07/16/26 22:03,38.443,0.597,39.049,37.923,0.752,38.677,14:03,5,41
07/16/26 22:04,38.273,0.678,38.955,37.967,0.667,38.608,14:04,5,41
07/16/26 22:05,38.15,0.095,38.224,37.9,0.675,38.6,14:05,5,41
07/16/26 22:06,38.517,-0.411,38.127,37.9,0.633,38.567,14:06,5,41
07/16/26 22:07,38.963,-0.356,38.618,37.977,0.6,38.6,14:07,5,41
07/16/26 22:08,39.7,-0.424,39.26,37.908,0.717,38.65,14:08,5,41
07/16/26 22:09,39.427,-0.191,39.254,38.037,0.775,38.825,14:09,5,41
07/16/26 22:10,38.173,1.082,39.244,38.133,0.758,38.9,14:10,5,41
07/16/26 22:11,38.343,0.717,39.049,38.178,0.722,38.933,14:11,5,41
07/16/26 22:12,38.987,-0.296,38.708,38.225,0.758,38.958,14:12,5,41
07/16/26 22:13,38.737,0.055,38.792,38.223,0.748,38.948,14:13,5,41
07/16/26 22:14,39.23,0.001,39.192,38.2,0.8,39,14:14,5,41
07/16/26 22:15,39.157,0.105,39.292,38.277,0.742,39.018,14:15,5,41
07/16/26 22:16,39.18,0.263,39.442,38.233,0.7,38.967,14:16,5,41
07/16/26 22:17,38.64,0.848,39.526,38.282,0.752,39,14:17,5,41
07/16/26 22:18,38.393,0.667,39.059,38.275,0.725,39,14:18,5,41
07/16/26 22:19,38.713,0.044,38.776,38.278,0.853,39.078,14:19,5,41
07/16/26 22:20,38.857,-0.038,38.844,38.3,0.892,39.167,14:20,5,41
07/16/26 22:21,38.883,-0.11,38.773,38.3,0.768,39.022,14:21,5,41
07/16/26 22:22,39.103,-0.058,39.038,38.267,0.858,39.092,14:22,5,41
07/16/26 22:23,39.03,0.056,39.071,38.267,0.855,39.1,14:23,5,41
07/16/26 22:24,38.567,0.378,38.974,38.3,0.733,39.067,14:24,5,41
07/16/26 22:25,38.48,0.38,38.827,38.353,0.722,39.1,14:25,5,41
07/16/26 22:26,37.917,0.303,38.228,38.325,0.642,38.983,14:26,5,41
07/16/26 22:27,37.823,0.26,38.105,38.4,0.58,38.933,14:27,5,41
07/16/26 22:28,38.613,0.061,38.681,38.375,0.542,38.908,14:28,5,41
07/16/26 22:29,39.157,0.041,39.22,38.333,0.467,38.8,14:29,5,41
07/16/26 22:30,39.017,0.211,39.236,38.208,0.617,38.858,14:30,5,41
07/16/26 22:31,38.473,0.598,39.08,38.2,0.7,38.9,14:31,5,41
07/16/26 22:32,38.057,1.094,39.108,38.142,0.7,38.808,14:32,5,41
07/16/26 22:33,38.353,0.762,39.104,38.1,0.778,38.878,14:33,5,41
07/16/26 22:34,38.407,0.242,38.652,38.1,0.742,38.867,14:34,5,41
07/16/26 22:35,38.283,0.158,38.446,38.075,0.745,38.847,14:35,5,41
07/16/26 22:36,38.363,-0.163,38.178,38.067,0.742,38.75,14:36,5,41
07/16/26 22:37,38.267,0.171,38.46,38.02,0.597,38.617,14:37,5,41
07/16/26 22:38,38.24,0.725,38.965,37.975,0.617,38.525,14:38,5,41
07/16/26 22:39,38.243,0.49,38.706,37.9,0.675,38.6,14:39,5,41
07/16/26 22:40,38.05,0.33,38.382,37.875,0.625,38.542,14:40,5,41
07/16/26 22:41,37.753,0.467,38.25,37.697,0.758,38.475,14:41,5,41
07/16/26 22:42,37.977,0.603,38.605,37.633,0.733,38.4,14:42,5,41
07/16/26 22:43,38,0.19,38.2,37.6,0.723,38.323,14:43,5,41
07/16/26 22:44,38.273,0.031,38.3,37.575,0.7,38.275,14:44,5,41
07/16/26 22:45,37.88,0.519,38.406,37.455,0.72,38.175,14:45,5,41
