date time,no_4UDY72,no2_4UDY72,nox_4UDY72,no_ZFT5R6,no2_ZFT5R6,nox_ZFT5R6,runtime,level,no2_gen
07/16/26 08:00,0.379,0.511,0.849,0.188,-0.733,-0.6,00:00,1,0
07/16/26 08:01,-0.569,0.828,0.289,0.133,-0.7,-0.6,00:01,1,0
07/16/26 08:02,-0.367,0.081,-0.26,0.125,-0.7,-0.512,00:02,1,0
07/16/26 08:03,-0.383,0.332,-0.028,0.142,-0.7,-0.575,00:03,1,0
07/16/26 08:04,-0.48,0.438,0.003,0.123,-0.723,-0.6,00:04,1,0
07/16/26 08:05,-0.197,0.267,0.088,0.168,-0.727,-0.6,00:05,1,0
07/16/26 08:06,-0.173,0.34,0.168,0.167,-0.7,-0.6,00:06,1,0
07/16/26 08:07,-0.001,0.291,0.333,0.155,-0.7,-0.533,00:07,1,0
07/16/26 08:08,-0.189,0.512,0.322,0.2,-0.722,-0.522,00:08,1,0
07/16/26 08:09,-0.29,0.511,0.222,0.178,-0.778,-0.6,00:09,1,0
07/16/26 08:10,-0.057,0.059,0.013,0.1,-0.7,-0.6,00:10,1,0
07/16/26 08:11,-0.023,-0.006,-0.01,0.1,-0.675,-0.575,00:11,1,0
07/16/26 08:12,0.161,0.173,0.329,0.1,-0.578,-0.5,00:12,1,0
07/16/26 08:13,0.364,0.127,0.5,0.035,-0.5,-0.5,00:13,1,0
07/16/26 08:14,0.148,0.244,0.398,0,-0.555,-0.555,00:14,1,0
07/16/26 08:15,-0.168,0.491,0.298,0,-0.533,-0.6,00:15,1,0
07/16/26 08:16,0.112,0.177,0.286,0,-0.5,-0.512,00:16,1,0
07/16/26 08:17,0.169,0.081,0.225,0,-0.5,-0.5,00:17,1,0
07/16/26 08:18,0.095,-0.043,0.095,0,-0.5,-0.5,00:18,1,0
07/16/26 08:19,0.215,0.393,0.588,0.075,-0.608,-0.575,00:19,1,0
07/16/26 08:20,0.008,0.025,0.066,0.1,-0.633,-0.6,00:20,1,0
07/16/26 08:21,-0.619,0.473,-0.126,0.082,-0.6,-0.525,00:21,1,0
07/16/26 08:22,-0.468,0.487,0.061,0.1,-0.6,-0.5,00:22,1,0
07/16/26 08:23,-0.36,0.291,-0.059,0.1,-0.6,-0.5,00:23,1,0
07/16/26 08:24,-0.267,-0.099,-0.364,0.1,-0.6,-0.5,00:24,1,0
07/16/26 08:25,-0.045,0.263,0.229,0.1,-0.577,-0.477,00:25,1,0
07/16/26 08:26,-0.143,0.341,0.202,0.1,-0.557,-0.423,00:26,1,0
07/16/26 08:27,-0.193,0.412,0.217,0.142,-0.6,-0.448,00:27,1,0
07/16/26 08:28,0.02,0.415,0.434,0.2,-0.657,-0.5,00:28,1,0
07/16/26 08:29,-0.233,0.532,0.282,0.125,-0.625,-0.5,00:29,1,0
07/16/26 08:30,-0.866,0.724,-0.139,0.167,-0.633,-0.5,00:30,1,0
07/16/26 08:31,-0.442,0.8,0.345,0.175,-0.675,-0.5,00:31,1,0
07/16/26 08:32,-0.081,0.932,0.897,0.2,-0.7,-0.5,00:32,1,0
07/16/26 08:33,0.17,0.331,0.489,0.2,-0.7,-0.5,00:33,1,0
07/16/26 08:34,-0.119,0.149,0.007,0.257,-0.7,-0.477,00:34,1,0
07/16/26 08:35,-0.262,-0.149,-0.381,0.3,-0.667,-0.4,00:35,1,0
07/16/26 08:36,-0.313,0.431,0.106,0.233,-0.7,-0.457,00:36,1,0
07/16/26 08:37,-0.169,0.175,0.033,0.3,-0.775,-0.5,00:37,1,0
07/16/26 08:38,-0.219,0.118,-0.1,0.277,-0.8,-0.5,00:38,1,0
07/16/26 08:39,-0.29,0.145,-0.144,0.2,-0.777,-0.5,00:39,1,0
07/16/26 08:40,-0.102,-0.071,-0.141,0.2,-0.7,-0.5,00:40,1,0
07/16/26 08:41,-0.21,0.275,0.082,0.2,-0.7,-0.5,00:41,1,0
07/16/26 08:42,-0.29,0.635,0.362,0.2,-0.7,-0.533,00:42,1,0
07/16/26 08:43,0.283,0.107,0.393,0.143,-0.625,-0.467,00:43,1,0
07/16/26 08:44,-0.083,-0.099,-0.172,0.1,-0.6,-0.5,00:44,1,0
07/16/26 08:45,-0.173,0.333,0.141,0.1,-0.6,-0.5,00:45,1,0
07/16/26 08:46,0.121,0.491,0.614,0.1,-0.69,-0.557,00:46,1,0
07/16/26 08:47,0.196,0.084,0.311,0.1,-0.7,-0.6,00:47,1,0
07/16/26 08:48,-0.496,0.377,-0.111,0.1,-0.7,-0.6,00:48,1,0
07/16/26 08:49,-0.586,0.415,-0.128,0.058,-0.757,-0.698,00:49,1,0
07/16/26 08:50,-0.295,0.119,-0.146,0,-0.8,-0.8,00:50,1,0
07/16/26 08:51,-0.119,0.556,0.447,-0.075,-0.725,-0.8,00:51,1,0
07/16/26 08:52,-0.144,0.59,0.448,-0.157,-0.677,-0.8,00:52,1,0
07/16/26 08:53,-0.477,0.465,0.018,-0.2,-0.627,-0.883,00:53,1,0
07/16/26 08:54,-0.224,-0.022,-0.238,-0.29,-0.6,-0.9,00:54,1,0
07/16/26 08:55,-0.001,0.143,0.111,-0.3,-0.675,-0.975,00:55,1,0
07/16/26 08:56,-0.219,0.22,0.028,-0.3,-0.667,-0.967,00:56,1,0
07/16/26 08:57,-0.36,0.266,-0.044,-0.3,-0.648,-0.948,00:57,1,0
07/16/26 08:58,-0.219,0.286,0.064,-0.243,-0.7,-0.943,00:58,1,0
07/16/26 08:59,-0.023,0.492,0.488,-0.2,-0.7,-0.9,00:59,1,0
07/16/26 09:00,0.211,-0.036,0.182,-0.2,-0.7,-0.9,01:00,estab,0
07/16/26 23:01,24.262,132.18,156.143,26.4,148.9,175.283,01:01,estab,144
07/16/26 23:02,29.773,153.466,183.16,29.652,154.652,184.37,01:02,estab,144
07/16/26 23:03,32.003,154.277,186.264,29.983,154.875,184.85,01:03,estab,144
07/16/26 23:04,33.137,154.189,187.323,30.328,154.818,185.105,01:04,estab,144
07/16/26 23:05,33.46,154.045,187.498,30.675,154.625,185.3,01:05,estab,144
07/16/26 23:06,33.483,153.956,187.482,31.033,154.667,185.7,01:06,estab,144
07/16/26 23:07,33.58,154.204,187.751,31.508,154.55,186.058,01:07,estab,144
07/16/26 23:08,33.58,154.353,187.949,31.908,154.635,186.532,01:08,estab,144
07/16/26 23:09,33.92,154.079,187.98,32.267,154.6,186.892,01:09,estab,144
07/16/26 23:10,33.623,154.161,187.804,32.55,154.417,187.035,01:10,estab,144
07/16/26 23:11,34.413,154.037,188.451,32.623,154.477,187.1,01:11,estab,144
07/16/26 23:12,35.13,153.448,188.569,32.7,154.532,187.232,01:12,estab,144
07/16/26 23:13,34.714,154.139,188.87,32.8,154.458,187.292,01:13,estab,144
07/16/26 23:14,34.263,154.461,188.73,32.958,154.483,187.442,01:14,estab,144
07/16/26 23:15,34.19,154.198,188.421,33.078,154.23,187.322,01:15,estab,144
07/16/26 23:16,34.387,154.021,188.421,33.075,154.317,187.383,01:16,estab,144
07/16/26 23:17,34.827,153.851,188.676,33.103,154.322,187.467,01:17,estab,144
07/16/26 23:18,34.68,153.811,188.515,33.2,154.217,187.417,01:18,estab,144
07/16/26 23:19,34.49,154.721,189.203,33.225,154.212,187.457,01:19,estab,144
07/16/26 23:20,34.63,154.535,189.136,33.3,154.233,187.467,01:20,estab,144
07/16/26 23:21,34.38,154.43,188.826,33.275,154.382,187.623,01:21,estab,144
07/16/26 23:22,34.05,154.363,188.39,33.225,154.5,187.758,01:22,estab,144
07/16/26 23:23,34.693,153.863,188.545,33.358,154.457,187.8,01:23,estab,144
07/16/26 23:24,34.897,153.608,188.524,33.4,154.342,187.767,01:24,estab,144
07/16/26 23:25,35.093,153.456,188.527,33.445,154.515,187.962,01:25,estab,144
07/16/26 23:26,34.9,153.658,188.559,33.5,154.542,188.075,01:26,estab,144
07/16/26 23:27,34.507,154.138,188.65,33.5,154.467,187.967,01:27,estab,144
07/16/26 23:28,34.113,154.151,188.273,33.5,154.442,187.942,01:28,estab,144
07/16/26 23:29,34.043,153.936,187.956,33.422,154.453,187.875,01:29,estab,144
07/16/26 23:30,34.39,153.523,187.904,33.317,154.417,187.758,01:30,estab,144
07/16/26 23:31,34.533,153.434,187.996,33.142,154.678,187.842,01:31,estab,144
07/16/26 23:32,34.22,153.789,188.01,33.1,154.483,187.617,01:32,estab,144
07/16/26 23:33,34.097,153.879,187.964,33.055,154.657,187.678,01:33,estab,144
07/16/26 23:34,34.27,154.033,188.305,32.975,154.617,187.558,01:34,estab,144
07/16/26 23:35,33.557,154.642,188.216,32.848,154.578,187.427,01:35,estab,144
07/16/26 23:36,33.213,154.406,187.596,32.842,154.517,187.367,01:36,estab,144
07/16/26 23:37,33.51,153.725,187.252,32.755,154.678,187.412,01:37,estab,144
07/16/26 23:38,34.227,153.903,188.132,32.733,154.792,187.525,01:38,estab,144
07/16/26 23:39,34.3,153.958,188.269,32.675,154.638,187.28,01:39,estab,144
07/16/26 23:40,34.4,153.579,187.972,32.542,154.525,187.1,01:40,2,144
07/16/26 23:41,34.077,153.809,187.884,32.5,154.6,187.1,01:41,2,144
07/16/26 23:42,33.147,154.337,187.491,32.475,154.533,187.033,01:42,2,144
07/16/26 23:43,33.417,154.137,187.55,32.4,154.652,187.075,01:43,2,144
07/16/26 23:44,33.563,154.104,187.697,32.375,154.4,186.717,01:44,2,144
07/16/26 23:45,33.47,154.176,187.648,32.222,154.147,186.322,01:45,2,144
07/16/26 23:46,33.89,154.019,187.898,32.2,154.25,186.475,01:46,2,144
07/16/26 23:47,34.037,153.787,187.823,32.122,154.322,186.488,01:47,2,144
07/16/26 23:48,34.113,154.047,188.15,32.133,154.242,186.408,01:48,2,144
07/16/26 23:49,33.153,154.61,187.744,32.133,154.218,186.375,01:49,2,144
07/16/26 23:50,32.88,154.447,187.297,32.192,153.958,186.117,01:50,2,144
07/16/26 23:51,33.483,153.745,187.223,32.2,154.008,186.208,01:51,2,144
07/16/26 23:52,33.473,153.677,187.179,32.35,154.15,186.5,01:52,2,144
07/16/26 23:53,34.283,153.514,187.84,32.458,154.07,186.495,01:53,2,144
07/16/26 23:54,34.82,153.647,188.486,32.558,153.917,186.508,01:54,2,144
07/16/26 23:55,34.593,153.741,188.324,32.677,153.782,186.458,01:55,2,144
07/16/26 23:56,34.023,154.31,188.337,32.7,153.917,186.617,01:56,2,144
07/16/26 23:57,34.143,154.19,188.357,32.778,153.975,186.753,01:57,2,144
07/16/26 23:58,34.613,153.857,188.463,32.742,153.908,186.65,01:58,2,144
07/16/26 23:59,34.707,153.547,188.258,32.675,153.852,186.552,01:59,2,144
07/16/26 24:00,35.053,153.738,188.825,32.658,153.833,186.475,02:00,2,144
07/17/26 00:01,35.347,154.02,189.37,32.7,153.83,186.542,02:01,2,144
07/17/26 00:02,35.423,154.166,189.589,32.792,153.675,186.433,02:02,2,144
07/17/26 00:03,34.71,154.727,189.44,32.858,153.55,186.428,02:03,2,144
07/17/26 00:04,33.92,154.678,188.578,32.925,153.65,186.6,02:04,2,144
07/17/26 00:05,34.097,154.454,188.542,33.077,153.66,186.727,02:05,2,144
07/17/26 00:06,34.34,154.084,188.443,33.158,153.708,186.9,02:06,2,144
07/17/26 00:07,34.807,153.812,188.608,33.2,153.952,187.127,02:07,2,144
07/17/26 00:08,35.123,153.755,188.901,33.167,154.25,187.442,02:08,2,144
07/17/26 00:09,34.757,154.339,189.122,33.2,154.537,187.737,02:09,2,144
07/17/26 00:10,34.58,154.52,189.128,33.225,154.458,187.717,02:10,2,144
07/17/26 00:11,34.607,154.22,188.82,33.242,154.573,187.84,02:11,2,144
07/17/26 00:12,34.677,154.013,188.718,33.292,154.583,187.858,02:12,2,144
07/17/26 00:13,34.507,153.89,188.403,33.325,154.528,187.857,02:13,2,144
07/17/26 00:14,34.923,153.617,188.555,33.367,154.375,187.783,02:14,2,144
07/17/26 00:15,35.343,153.826,189.17,33.38,154.217,187.597,02:15,2,144
07/17/26 00:16,35.143,154.318,189.437,33.4,153.983,187.383,02:16,2,144
07/17/26 00:17,35.117,154.303,189.397,33.458,153.9,187.378,02:17,2,144
07/17/26 00:18,34.773,154.461,189.241,33.558,154.042,187.6,02:18,2,144
07/17/26 00:19,34.573,153.928,188.489,33.6,154.345,187.97,02:19,2,144
07/17/26 00:20,34.577,153.86,188.403,33.6,154.292,187.9,02:20,2,144
07/17/26 00:21,34.953,154.081,189.031,33.702,154.433,188.11,02:21,2,144
07/17/26 00:22,34.91,153.57,188.505,33.8,154.517,188.308,02:22,2,144
07/17/26 00:23,35.187,153.946,189.135,33.8,154.653,188.487,02:23,2,144
07/17/26 00:24,34.967,154.204,189.202,33.742,154.842,188.583,02:24,2,144
07/17/26 00:25,34.6,154.752,189.378,33.622,154.797,188.452,02:25,2,144
07/17/26 00:26,34.137,154.387,188.524,33.517,154.667,188.208,02:26,2,144
07/17/26 00:27,34.58,153.644,188.234,33.478,154.563,188.063,02:27,2,144
07/17/26 00:28,35.02,153.378,188.449,33.417,154.608,188.025,02:28,2,144
07/17/26 00:29,34.703,153.712,188.398,33.242,154.883,188.125,02:29,2,144
07/17/26 00:30,34.113,154.294,188.411,33.2,154.942,188.142,02:30,2,144
07/17/26 00:31,34.263,154.341,188.609,33.147,154.817,187.963,02:31,2,144
07/17/26 00:32,33.577,154.232,187.825,33.108,154.608,187.692,02:32,2,144
07/17/26 00:33,33.55,153.8,187.347,33.1,154.575,187.653,02:33,2,144
07/17/26 00:34,33.747,153.3,187.047,33.042,154.533,187.542,02:34,2,144
07/17/26 00:35,33.653,153.695,187.372,32.922,154.24,187.162,02:35,2,144
07/17/26 00:36,34.05,153.812,187.86,32.842,154.033,186.85,02:36,2,144
07/17/26 00:37,34.347,154.068,188.409,32.775,153.935,186.688,02:37,2,144
07/17/26 00:38,34.03,154.006,188.038,32.675,154.083,186.725,02:38,2,144
07/17/26 00:39,33.51,154.043,187.542,32.575,154.258,186.853,02:39,2,144
07/17/26 00:40,33.313,154.204,187.52,32.567,154.233,186.8,02:40,2,144
07/17/26 00:41,33.487,153.944,187.43,32.442,154.35,186.805,02:41,2,144
07/17/26 00:42,34.277,153.357,187.618,32.375,154.65,187.017,02:42,2,144
07/17/26 00:43,34.77,153.328,188.1,32.378,154.705,187.08,02:43,2,144
07/17/26 00:44,34.06,154.203,188.245,32.4,154.625,187.05,02:44,2,144
07/17/26 00:45,33.397,154.263,187.644,32.4,154.467,186.867,02:45,2,144
07/17/26 00:46,33.447,154.017,187.458,32.4,154.3,186.7,02:46,2,144
07/17/26 00:47,33.44,153.987,187.383,32.298,154.287,186.57,02:47,2,144
07/17/26 00:48,32.937,154.347,187.288,32.292,154.067,186.383,02:48,2,144
07/17/26 00:49,33.593,154.102,187.677,32.3,153.743,186.065,02:49,2,144
07/17/26 00:50,34.277,153.952,188.199,32.3,153.725,186.025,02:50,2,144
07/17/26 00:51,34.613,153.615,188.246,32.325,153.742,186.067,02:51,2,144
07/17/26 00:52,34.687,153.773,188.463,32.4,153.758,186.158,02:52,2,144
07/17/26 00:53,34.073,154.636,188.715,32.425,153.95,186.395,02:53,2,144
07/17/26 00:54,34.093,154.246,188.343,32.65,154.025,186.675,02:54,2,144
07/17/26 00:55,34.487,153.729,188.205,32.758,154.055,186.805,02:55,2,144
07/17/26 00:56,34.53,153.607,188.163,32.917,154.067,186.992,02:56,2,144
07/17/26 00:57,34.33,153.973,188.306,33.058,153.888,186.947,02:57,2,144
07/17/26 00:58,34.873,154.494,189.359,33.1,154.017,187.05,02:58,2,144
07/17/26 00:59,34.753,154.193,188.901,33.203,154.158,187.362,02:59,2,144
07/17/26 01:00,34.603,154.258,188.845,33.325,154.083,187.35,03:00,2,144
07/17/26 01:01,34.36,154.04,188.432,33.458,153.897,187.333,03:01,2,144
07/17/26 01:02,34.437,154.191,188.624,33.558,153.858,187.442,03:02,2,144
07/17/26 01:03,35.123,153.581,188.694,33.547,154.003,187.605,03:03,2,144
07/17/26 01:04,35.347,153.527,188.872,33.625,154.133,187.733,03:04,2,144
07/17/26 01:05,34.803,153.832,188.648,33.642,154.107,187.758,03:05,2,144
07/17/26 01:06,35.077,154.322,189.38,33.6,154.233,187.833,03:06,2,144
07/17/26 01:07,35.297,153.977,189.278,33.6,154.233,187.833,03:07,2,144
07/17/26 01:08,34.727,154.091,188.827,33.6,154.35,187.95,03:08,2,144
07/17/26 01:09,34.603,154.057,188.675,33.6,154.238,187.863,03:09,2,144
07/17/26 01:10,34.877,153.713,188.581,33.725,154.158,187.892,03:10,2,144
07/17/26 01:11,34.993,153.549,188.566,33.725,154.157,187.9,03:11,2,144
07/17/26 01:12,34.897,153.842,188.743,33.892,153.825,187.692,03:12,2,144
07/17/26 01:13,34.947,154.186,189.125,33.978,153.688,187.6,03:13,2,144
07/17/26 01:14,34.605,154.898,189.494,34,153.642,187.633,03:14,2,144
07/17/26 01:15,34.28,154.32,188.574,33.955,153.728,187.703,03:15,2,144
07/17/26 01:16,34.33,154.054,188.412,33.933,153.867,187.858,03:16,2,144
07/17/26 01:17,34.673,153.668,188.33,33.9,154.057,187.978,03:17,2,144
07/17/26 01:18,35.04,153.438,188.528,33.9,154.092,188.058,03:18,2,144
07/17/26 01:19,35.027,154.143,189.196,33.952,154.25,188.193,03:19,2,144
07/17/26 01:20,35.01,153.498,188.508,33.992,154.467,188.433,03:20,2,144
07/17/26 01:21,34.863,153.81,188.652,34,154.528,188.495,03:21,2,144
07/17/26 01:22,34.15,154.197,188.367,34,154.567,188.475,03:22,2,144
07/17/26 01:23,33.883,153.639,187.528,33.942,154.343,188.297,03:23,2,144
07/17/26 01:24,33.91,153.736,187.645,33.9,154.208,188.108,03:24,2,144
07/17/26 01:25,34.553,153.76,188.322,33.797,154.303,188.1,03:25,2,144
07/17/26 01:26,34.583,154.083,188.656,33.675,154.283,187.925,03:26,2,144
07/17/26 01:27,34.627,153.877,188.513,33.522,154.39,187.878,03:27,2,144
07/17/26 01:28,34.04,154.323,188.372,33.5,154.217,187.717,03:28,2,144
07/17/26 01:29,34.067,154.093,188.124,33.422,154.337,187.7,03:29,2,144
07/17/26 01:30,33.82,153.905,187.738,33.283,154.583,187.858,03:30,2,144
07/17/26 01:31,33.897,154.087,187.972,33.2,154.633,187.833,03:31,2,144
07/17/26 01:32,34.463,153.436,187.922,33.2,154.508,187.708,03:32,2,144
07/17/26 01:33,34.637,153.605,188.302,33.122,154.5,187.622,03:33,2,144
07/17/26 01:34,34.96,153.567,188.531,32.983,154.525,187.508,03:34,2,144
07/17/26 01:35,34.197,154.134,188.324,32.9,154.595,187.475,03:35,2,144
07/17/26 01:36,33.337,154.436,187.812,32.875,154.475,187.317,03:36,2,144
07/17/26 01:37,32.943,154.661,187.608,32.8,154.478,187.278,03:37,2,144
07/17/26 01:38,33.757,153.556,187.304,32.8,154.533,187.275,03:38,2,144
07/17/26 01:39,34.203,153.259,187.46,32.723,154.322,186.997,03:39,2,144
07/17/26 01:40,33.88,154.039,187.943,32.608,154.175,186.775,03:40,2,144
07/17/26 01:41,34.083,153.808,187.895,32.575,154.133,186.708,03:41,2,144
07/17/26 01:42,33.837,154.215,188.031,32.442,154.192,186.633,03:42,2,144
07/17/26 01:43,33.947,154.105,188.045,32.425,154.157,186.582,03:43,2,144
07/17/26 01:44,33.863,153.898,187.79,32.5,154.1,186.6,03:44,2,144
07/17/26 01:45,33.93,153.512,187.442,32.525,154.262,186.782,03:45,2,144
07/17/26 01:46,34.08,153.833,187.885,32.658,154.308,186.958,03:46,2,144
07/17/26 01:47,34.17,154.496,188.663,32.878,154.122,187,03:47,2,144
07/17/26 01:48,33.97,154.088,188.071,33.025,154.008,187,03:48,2,144
07/17/26 01:49,33.647,153.891,187.541,33.125,154.032,187.157,03:49,2,144
07/17/26 01:50,33.623,153.884,187.525,33.2,154,187.2,03:50,2,144
07/17/26 01:51,33.867,153.947,187.813,33.225,153.892,187.117,03:51,2,144
07/17/26 01:52,34.453,153.274,187.769,33.3,153.642,186.908,03:52,2,144
07/17/26 01:53,34.4,154.025,188.434,33.325,153.673,187.032,03:53,2,144
07/17/26 01:54,34.573,154.309,188.859,33.308,153.875,187.183,03:54,2,144
07/17/26 01:55,34.597,154.029,188.657,33.325,153.958,187.283,03:55,2,144
07/17/26 01:56,34.677,154.459,189.158,33.4,154.083,187.425,03:56,2,144
07/17/26 01:57,34.38,154.86,189.201,33.425,154.167,187.568,03:57,2,144
07/17/26 01:58,34.43,154.138,188.559,33.558,154.35,187.908,03:58,2,144
07/17/26 01:59,34.087,153.649,187.745,33.677,154.425,188.135,03:59,2,144
07/17/26 02:00,34.36,153.97,188.319,33.667,154.592,188.258,04:00,estab,112
07/17/26 02:01,34.85,153.985,188.8,33.725,154.523,188.267,04:01,estab,112
07/17/26 02:02,35.167,153.733,188.894,33.8,154.382,188.182,04:02,estab,112
07/17/26 02:03,35.51,153.814,189.327,34.062,153.775,187.837,04:03,estab,112
07/17/26 02:04,45.527,144.354,189.815,36.608,151.1,187.675,04:04,estab,112
07/17/26 02:05,61.223,128.402,189.438,40.74,146.873,187.58,04:05,estab,112
07/17/26 02:06,66.467,122.217,188.692,45.342,142.142,187.517,04:06,estab,112
07/17/26 02:07,66.81,122.174,188.98,49.997,137.468,187.453,04:07,estab,112
07/17/26 02:08,66.883,122.449,189.323,54.95,132.583,187.525,04:08,estab,112
07/17/26 02:09,66.803,121.991,188.784,59.465,128.328,187.813,04:09,estab,112
07/17/26 02:10,66.78,122.006,188.782,63.575,124.35,187.925,04:10,3,112
07/17/26 02:11,66.903,122.206,189.133,65.16,122.787,187.98,04:11,3,112
07/17/26 02:12,66.483,122.445,188.938,65.358,122.667,188.05,04:12,3,112
07/17/26 02:13,66.753,122.134,188.88,65.483,122.763,188.295,04:13,3,112
07/17/26 02:14,67.05,121.77,188.768,65.6,122.867,188.442,04:14,3,112
07/17/26 02:15,67.077,121.758,188.831,65.575,123.007,188.582,04:15,3,112
07/17/26 02:16,66.87,121.934,188.792,65.592,123.15,188.717,04:16,3,112
07/17/26 02:17,66.78,121.856,188.632,65.575,123.345,188.898,04:17,3,112
07/17/26 02:18,66.517,122.18,188.683,65.558,123.375,188.908,04:18,3,112
07/17/26 02:19,66.177,122.195,188.354,65.517,123.222,188.742,04:19,3,112
07/17/26 02:20,66.647,121.692,188.32,65.342,123.325,188.617,04:20,3,112
07/17/26 02:21,66.677,121.482,188.164,65.222,123.292,188.525,04:21,3,112
07/17/26 02:22,66.163,122.227,188.394,65.133,123.417,188.55,04:22,3,112
07/17/26 02:23,66.287,122.166,188.429,65.175,122.985,188.107,04:23,3,112
07/17/26 02:24,66.267,122.466,188.714,65.008,123.025,188.033,04:24,3,112
07/17/26 02:25,66.143,122.304,188.461,64.922,123.05,187.972,04:25,3,112
07/17/26 02:26,65.873,121.979,187.883,64.808,123.175,188.042,04:26,3,112
07/17/26 02:27,65.857,121.893,187.764,64.775,123.185,187.95,04:27,3,112
07/17/26 02:28,66.033,121.548,187.606,64.642,123.075,187.717,04:28,3,112
07/17/26 02:29,65.94,121.754,187.709,64.498,123.077,187.575,04:29,3,112
07/17/26 02:30,66.873,121.39,188.27,64.375,123.108,187.508,04:30,3,112
07/17/26 02:31,66.263,121.868,188.128,64.353,123.025,187.4,04:31,3,112
07/17/26 02:32,65.327,122.84,188.178,64.242,123.075,187.292,04:32,3,112
07/17/26 02:33,64.933,122.535,187.49,64.225,122.888,187.067,04:33,3,112
07/17/26 02:34,64.883,122.231,187.139,64.3,122.867,187.158,04:34,3,112
07/17/26 02:35,65.777,121.644,187.407,64.163,122.875,187.038,04:35,3,112
07/17/26 02:36,65.63,121.491,187.125,64.1,123.042,187.142,04:36,3,112
07/17/26 02:37,65.683,122.188,187.885,64.1,123.133,187.267,04:37,3,112
07/17/26 02:38,65.37,122.921,188.296,64.075,123.183,187.225,04:38,3,112
07/17/26 02:39,65.15,123.461,188.583,63.975,123.267,187.222,04:39,3,112
07/17/26 02:40,65.523,122.703,188.233,63.758,123.567,187.325,04:40,3,112
07/17/26 02:41,65.763,121.884,187.643,63.547,123.65,187.217,04:41,3,112
07/17/26 02:42,66.547,121.455,188.034,63.717,123.567,187.317,04:42,3,112
07/17/26 02:43,66.733,121.774,188.513,63.722,123.578,187.3,04:43,3,112
07/17/26 02:44,66.453,122.133,188.587,63.758,123.45,187.208,04:44,3,112
07/17/26 02:45,66.813,121.783,188.591,63.858,123.28,187.123,04:45,3,112
07/17/26 02:46,66.103,122.481,188.575,63.983,123.117,187.1,04:46,3,112
07/17/26 02:47,65.613,122.401,187.996,64.105,122.945,187.042,04:47,3,112
07/17/26 02:48,65.733,122.441,188.199,64.2,122.892,187.1,04:48,3,112
07/17/26 02:49,66.097,122.27,188.368,64.277,122.782,187.058,04:49,3,112
07/17/26 02:50,66.14,121.842,188.027,64.392,122.767,187.125,04:50,3,112
07/17/26 02:51,67.13,121.739,188.9,64.458,122.82,187.278,04:51,3,112
07/17/26 02:52,66.857,122.329,189.202,64.65,122.858,187.508,04:52,3,112
07/17/26 02:53,66.317,122.454,188.757,64.745,122.743,187.547,04:53,3,112
07/17/26 02:54,65.953,122.905,188.86,64.917,122.733,187.633,04:54,3,112
07/17/26 02:55,65.95,122.493,188.442,64.975,122.725,187.678,04:55,3,112
07/17/26 02:56,66.22,121.908,188.153,64.925,122.8,187.725,04:56,3,112
07/17/26 02:57,66.393,121.834,188.243,65,122.837,187.825,04:57,3,112
07/17/26 02:58,66.96,122.229,189.184,65.067,122.975,188.05,04:58,3,112
07/17/26 02:59,66.93,122.242,189.201,65,122.948,187.968,04:59,3,112
07/17/26 03:00,66.267,122.6,188.841,65.033,122.942,187.942,05:00,3,112
07/17/26 03:01,65.627,122.754,188.392,64.947,122.908,187.855,05:01,3,112
07/17/26 03:02,65.927,122.41,188.351,65.025,122.8,187.892,05:02,3,112
07/17/26 03:03,66.34,122.138,188.468,65.125,122.723,187.9,05:03,3,112
07/17/26 03:04,66.387,121.763,188.175,65.267,122.617,187.842,05:04,3,112
07/17/26 03:05,66.633,121.51,188.175,65.225,122.553,187.8,05:05,3,112
07/17/26 03:06,66.56,121.898,188.485,65.208,122.708,187.917,05:06,3,112
07/17/26 03:07,65.99,122.413,188.413,65.278,122.962,188.24,05:07,3,112
07/17/26 03:08,66.163,122.763,188.902,65.392,122.917,188.308,05:08,3,112
07/17/26 03:09,66.651,121.988,188.611,65.458,122.925,188.378,05:09,3,112
07/17/26 03:10,67.163,121.693,188.853,65.417,122.883,188.292,05:10,3,112
07/17/26 03:11,66.877,122.077,188.967,65.305,122.903,188.203,05:11,3,112
07/17/26 03:12,67.063,121.622,188.677,65.275,123,188.242,05:12,3,112
07/17/26 03:13,66.677,122.201,188.921,65.267,123.078,188.323,05:13,3,112
07/17/26 03:14,66.317,122.701,188.996,65.267,122.95,188.217,05:14,3,112
07/17/26 03:15,66.47,122,188.486,65.3,123.11,188.41,05:15,3,112
07/17/26 03:16,66.15,121.817,187.974,65.3,123.067,188.375,05:16,3,112
07/17/26 03:17,65.813,121.755,187.581,65.353,123.072,188.403,05:17,3,112
07/17/26 03:18,65.79,121.88,187.635,65.3,122.958,188.292,05:18,3,112
07/17/26 03:19,66.407,121.694,188.122,65.32,122.875,188.228,05:19,3,112
07/17/26 03:20,66.143,122.16,188.282,65.242,122.833,188.075,05:20,3,112
07/17/26 03:21,65.677,122.346,188.031,65.142,122.75,187.892,05:21,3,112
07/17/26 03:22,65.433,122.303,187.766,64.983,122.65,187.667,05:22,3,112
07/17/26 03:23,65.437,122.233,187.666,64.842,122.653,187.47,05:23,3,112
07/17/26 03:24,65.833,121.75,187.578,64.708,122.7,187.375,05:24,3,112
07/17/26 03:25,65.617,121.665,187.312,64.573,122.75,187.3,05:25,3,112
07/17/26 03:26,65.62,122.095,187.711,64.375,123.108,187.508,05:26,3,112
07/17/26 03:27,65.893,122.327,188.223,64.3,123.275,187.605,05:27,3,112
07/17/26 03:28,65.653,122.486,188.115,64.208,123.375,187.608,05:28,3,112
07/17/26 03:29,65.903,121.739,187.635,64.122,123.523,187.665,05:29,3,112
07/17/26 03:30,65.733,121.94,187.656,64.1,123.65,187.725,05:30,3,112
07/17/26 03:31,64.97,122.348,187.302,64.023,123.672,187.672,05:31,3,112
07/17/26 03:32,65.34,122.029,187.406,64.033,123.475,187.533,05:32,3,112
07/17/26 03:33,65.983,121.854,187.804,64.033,123.018,187.085,05:33,3,112
07/17/26 03:34,66.15,122.017,188.17,64,122.875,186.875,05:34,3,112
07/17/26 03:35,65.507,122.792,188.269,64,122.692,186.772,05:35,3,112
07/17/26 03:36,64.903,122.934,187.843,64.092,122.567,186.642,05:36,3,112
07/17/26 03:37,65.15,122.777,187.917,64.022,122.525,186.492,05:37,3,112
07/17/26 03:38,66.053,121.646,187.706,64,122.575,186.575,05:38,3,112
07/17/26 03:39,66.39,121.213,187.585,64.077,122.577,186.62,05:39,3,112
07/17/26 03:40,66.29,121.857,188.142,64.217,122.55,186.767,05:40,3,112
07/17/26 03:41,66.503,122.219,188.721,64.275,122.43,186.763,05:41,3,112
07/17/26 03:42,66.407,122.364,188.781,64.2,122.575,186.783,05:42,3,112
07/17/26 03:43,65.94,122.812,188.756,64.278,122.55,186.828,05:43,3,112
07/17/26 03:44,65.86,122.165,188.021,64.333,122.7,187.033,05:44,3,112
07/17/26 03:45,66.05,121.691,187.759,64.325,122.543,186.922,05:45,3,112
07/17/26 03:46,66.173,122.008,188.165,64.383,122.483,186.9,05:46,3,112
07/17/26 03:47,66.12,122.216,188.335,64.2,122.903,187.103,05:47,3,112
07/17/26 03:48,66.567,122.027,188.612,64.308,123.008,187.35,05:48,3,112
07/17/26 03:49,66.42,122.463,188.885,64.5,122.942,187.422,05:49,3,112
07/17/26 03:50,66.767,122.483,189.237,64.5,122.875,187.375,05:50,3,112
07/17/26 03:51,67.063,121.742,188.761,64.578,122.747,187.35,05:51,3,112
07/17/26 03:52,66.597,121.756,188.383,64.692,122.858,187.533,05:52,3,112
07/17/26 03:53,66.813,122.072,188.875,64.783,122.845,187.573,05:53,3,112
07/17/26 03:54,67.333,121.686,189.037,64.933,122.358,187.292,05:54,3,112
07/17/26 03:55,67.23,121.723,188.932,64.925,122.3,187.225,05:55,3,112
07/17/26 03:56,67.227,121.948,189.192,65,122.35,187.35,05:56,3,112
07/17/26 03:57,66.91,122.287,189.209,65.058,122.5,187.577,05:57,3,112
07/17/26 03:58,66.22,122.241,188.515,65.1,122.475,187.575,05:58,3,112
07/17/26 03:59,66.907,121.818,188.762,65.1,122.512,187.578,05:59,3,112
07/17/26 04:00,66.463,122.251,188.729,65.125,122.617,187.775,06:00,3,112
07/17/26 04:01,67.003,121.83,188.822,65.18,122.807,188.012,06:01,3,112
07/17/26 04:02,67.2,121.543,188.766,65.233,122.875,188.117,06:02,3,112
07/17/26 04:03,66.977,122.005,189.011,65.122,123.157,188.273,06:03,3,112
07/17/26 04:04,66.953,122.164,189.118,65.042,123.317,188.35,06:04,3,112
07/17/26 04:05,67.153,121.67,188.804,65.137,123.347,188.45,06:05,3,112
07/17/26 04:06,66.513,122.154,188.673,65.2,123.375,188.633,06:06,3,112
07/17/26 04:07,66.417,122.068,188.522,65.277,123.25,188.517,06:07,3,112
07/17/26 04:08,66.367,121.916,188.308,65.183,123.192,188.375,06:08,3,112
07/17/26 04:09,66.577,121.697,188.267,65.202,122.953,188.122,06:09,3,112
07/17/26 04:10,66.807,121.88,188.715,65.358,122.583,187.942,06:10,3,112
07/17/26 04:11,66.567,122.16,188.731,65.458,122.487,187.945,06:11,3,112
07/17/26 04:12,66.05,122.413,188.472,65.442,122.467,187.908,06:12,3,112
07/17/26 04:13,66.007,122.013,188.055,65.452,122.507,187.983,06:13,3,112
07/17/26 04:14,65.89,121.394,187.287,65.367,122.667,188.008,06:14,3,112
07/17/26 04:15,65.697,121.509,187.196,65.38,122.768,188.148,06:15,3,112
07/17/26 04:16,66.173,122.072,188.237,65.317,122.958,188.267,06:16,3,112
07/17/26 04:17,65.683,122.446,188.088,65.18,123.048,188.25,06:17,3,112
07/17/26 04:18,65.417,122.47,187.913,65.142,123.167,188.308,06:18,3,112
07/17/26 04:19,65.497,121.682,187.162,65.075,123.19,188.265,06:19,3,112
07/17/26 04:20,64.83,122.003,186.867,64.933,123.142,188.108,06:20,3,112
07/17/26 04:21,65.053,122.425,187.493,64.888,123.257,188.12,06:21,3,112
07/17/26 04:22,66.087,121.575,187.649,64.783,123.3,188.1,06:22,3,112
07/17/26 04:23,65.7,121.837,187.593,64.777,123.173,187.973,06:23,3,112
07/17/26 04:24,66.097,121.661,187.754,64.65,123.158,187.808,06:24,3,112
07/17/26 04:25,65.583,121.957,187.55,64.497,122.918,187.44,06:25,3,112
07/17/26 04:26,65.387,122.593,187.981,64.4,122.983,187.367,06:26,3,112
07/17/26 04:27,65.49,122.024,187.544,64.322,122.955,187.275,06:27,3,112
07/17/26 04:28,65.32,121.628,187.005,64.275,122.933,187.208,06:28,3,112
07/17/26 04:29,65.823,121.315,187.106,64.2,122.768,187.002,06:29,3,112
07/17/26 04:30,65.67,121.663,187.36,64.017,122.858,186.908,06:30,3,112
07/17/26 04:31,65.273,122.504,187.784,63.922,122.925,186.9,06:31,3,112
07/17/26 04:32,65.233,122.571,187.824,63.9,123,186.9,06:32,3,112
07/17/26 04:33,65.277,122.186,187.462,63.945,123.092,187.037,06:33,3,112
07/17/26 04:34,65.423,121.913,187.339,64,122.917,186.917,06:34,3,112
07/17/26 04:35,65.64,122,187.627,64.058,122.685,186.743,06:35,3,112
07/17/26 04:36,66.35,121.459,187.801,64.192,122.575,186.767,06:36,3,112
07/17/26 04:37,66.473,121.673,188.14,64.283,122.475,186.733,06:37,3,112
07/17/26 04:38,66.743,121.803,188.53,64.367,122.458,186.842,06:38,3,112
07/17/26 04:39,66.51,122.459,188.979,64.458,122.518,187.018,06:39,3,112
07/17/26 04:40,66.403,122.537,188.939,64.525,122.4,186.958,06:40,3,112
07/17/26 04:41,66.327,121.673,188.035,64.678,122.545,187.203,06:41,3,112
07/17/26 04:42,66.4,122.044,188.421,64.733,122.742,187.442,06:42,3,112
07/17/26 04:43,66.523,122.041,188.536,64.857,122.88,187.742,06:43,3,112
07/17/26 04:44,66.92,121.743,188.652,64.9,122.9,187.808,06:44,3,112
07/17/26 04:45,66.947,122.039,188.965,64.978,122.817,187.795,06:45,3,112
07/17/26 04:46,66.557,122.325,188.909,65.025,122.708,187.733,06:46,3,112
07/17/26 04:47,66.607,122.078,188.717,65.023,122.677,187.7,06:47,3,112
07/17/26 04:48,66.413,122.106,188.529,65,122.675,187.608,06:48,3,112
07/17/26 04:49,66.067,122.123,188.196,65.053,122.41,187.463,06:49,3,112
07/17/26 04:50,66.337,122.168,188.496,65.092,122.192,187.242,06:50,3,112
07/17/26 04:51,66.413,122.523,188.935,65.1,122.253,187.377,06:51,3,112
07/17/26 04:52,66.68,122.109,188.764,65.1,122.292,187.425,06:52,3,112
07/17/26 04:53,66.653,122.164,188.791,65.075,122.612,187.635,06:53,3,112
07/17/26 04:54,66.013,122.68,188.707,65.033,122.642,187.675,06:54,3,112
07/17/26 04:55,66.313,122.205,188.53,64.975,122.865,187.84,06:55,3,112
07/17/26 04:56,66.357,121.722,188.09,64.925,123.208,188.167,06:56,3,112
07/17/26 04:57,66.083,121.588,187.675,65.025,123.438,188.458,06:57,3,112
07/17/26 04:58,66.4,121.705,188.124,65.042,123.467,188.5,06:58,3,112
07/17/26 04:59,66.797,122.155,188.948,65.025,123.553,188.553,06:59,3,112
07/17/26 05:00,66.55,122.404,188.937,65.075,123.525,188.592,07:00,estab,64
07/17/26 05:01,66.23,122.602,188.834,65.075,123.468,188.57,07:01,estab,64
07/17/26 05:02,66.253,122.38,188.657,65.158,123.342,188.505,07:02,estab,64
07/17/26 05:03,73.895,114.398,188.457,76.35,112.163,188.478,07:03,estab,64
07/17/26 05:04,103.579,85.47,189.028,116.092,73.368,189.46,07:04,estab,64
07/17/26 05:05,121.06,68.251,189.264,120.522,68.918,189.407,07:05,estab,64
07/17/26 05:06,122.68,66.524,189.204,120.458,69,189.425,07:06,estab,64
07/17/26 05:07,122.157,66.904,189.073,120.5,68.833,189.308,07:07,estab,64
07/17/26 05:08,121.953,67.104,189.054,120.617,68.533,189.108,07:08,estab,64
07/17/26 05:09,122.097,66.493,188.587,120.7,68.425,189.158,07:09,estab,64
07/17/26 05:10,121.93,66.096,188.048,120.642,68.467,189.108,07:10,4,64
07/17/26 05:11,122.18,66.383,188.562,120.735,68.313,189.023,07:11,4,64
07/17/26 05:12,122.21,66.309,188.523,120.708,68.125,188.85,07:12,4,64
07/17/26 05:13,122.02,65.874,187.879,120.667,68.033,188.697,07:13,4,64
07/17/26 05:14,121.367,67.122,188.489,120.642,67.842,188.45,07:14,4,64
07/17/26 05:15,121.633,66.547,188.225,120.497,68.082,188.523,07:15,4,64
07/17/26 05:16,121.223,66.198,187.436,120.308,68.175,188.483,07:16,4,64
07/17/26 05:17,120.963,65.89,186.848,120.23,68.022,188.243,07:17,4,64
07/17/26 05:18,121.507,65.589,187.109,119.95,68.15,188.108,07:18,4,64
07/17/26 05:19,122.127,65.595,187.685,119.817,68.278,188.1,07:19,4,64
07/17/26 05:20,121.807,66.131,187.89,119.55,68.542,188.133,07:20,4,64
07/17/26 05:21,121.023,66.386,187.413,119.318,68.703,187.977,07:21,4,64
07/17/26 05:22,121.007,66.46,187.472,119.167,68.45,187.667,07:22,4,64
07/17/26 05:23,120.933,66.541,187.479,119.142,68.303,187.442,07:23,4,64
07/17/26 05:24,120.823,66.126,186.995,118.983,68.433,187.408,07:24,4,64
07/17/26 05:25,121.173,65.959,187.095,118.92,68.327,187.247,07:25,4,64
07/17/26 05:26,122.063,65.567,187.62,118.958,68.1,187.117,07:26,4,64
07/17/26 05:27,121.603,65.81,187.405,118.897,68.148,187.1,07:27,4,64
07/17/26 05:28,121.197,66.035,187.216,118.925,68.067,186.958,07:28,4,64
07/17/26 05:29,120.693,66.251,186.948,118.743,68.118,186.853,07:29,4,64
07/17/26 05:30,120.853,66.016,186.886,118.817,68,186.825,07:30,4,64
07/17/26 05:31,121.337,65.874,187.183,118.978,67.893,186.852,07:31,4,64
07/17/26 05:32,121.317,65.641,186.958,119.067,67.808,186.85,07:32,4,64
07/17/26 05:33,121.307,66.024,187.344,118.98,67.978,186.923,07:33,4,64
07/17/26 05:34,121.883,66.026,187.889,119.025,67.983,187.008,07:34,4,64
07/17/26 05:35,122.243,66.028,188.269,119.125,67.912,187.09,07:35,4,64
07/17/26 05:36,121.63,66.63,188.273,119.2,67.867,187.067,07:36,4,64
07/17/26 05:37,121.17,66.453,187.64,119.2,67.847,187.1,07:37,4,64
07/17/26 05:38,121.517,65.737,187.295,119.292,67.867,187.158,07:38,4,64
07/17/26 05:39,121.68,65.995,187.678,119.412,67.822,187.175,07:39,4,64
07/17/26 05:40,121.737,65.866,187.599,119.517,67.617,187.125,07:40,4,64
07/17/26 05:41,122.087,66.161,188.217,119.678,67.555,187.2,07:41,4,64
07/17/26 05:42,121.57,66.436,188.047,119.783,67.5,187.292,07:42,4,64
07/17/26 05:43,121.5,66.534,188.034,119.978,67.583,187.56,07:43,4,64
07/17/26 05:44,121.617,66.658,188.266,120.033,67.458,187.492,07:44,4,64
07/17/26 05:45,121.587,66.359,187.964,120.078,67.322,187.4,07:45,4,64
07/17/26 05:46,121.453,66.086,187.538,120.067,67.475,187.517,07:46,4,64
07/17/26 05:47,122.147,65.771,187.906,120.022,67.542,187.567,07:47,4,64
07/17/26 05:48,122.623,65.723,188.339,120.025,67.508,187.542,07:48,4,64
07/17/26 05:49,122.48,66.045,188.557,120.05,67.425,187.475,07:49,4,64
07/17/26 05:50,121.593,66.386,187.999,119.958,67.35,187.308,07:50,4,64
07/17/26 05:51,121.27,66.701,188.001,119.948,67.46,187.383,07:51,4,64
07/17/26 05:52,121.29,66.123,187.434,119.942,67.692,187.592,07:52,4,64
07/17/26 05:53,121.983,65.403,187.368,119.925,67.642,187.547,07:53,4,64
07/17/26 05:54,122.473,65.72,188.175,119.967,67.667,187.633,07:54,4,64
07/17/26 05:55,122.493,66.057,188.577,119.995,67.865,187.84,07:55,4,64
07/17/26 05:56,121.78,66.703,188.482,119.958,68.1,188.117,07:56,4,64
07/17/26 05:57,121.267,66.896,188.171,120.078,68.237,188.337,07:57,4,64
07/17/26 05:58,121.023,66.98,188.024,120.25,68.142,188.425,07:58,4,64
07/17/26 05:59,121.483,66.491,187.985,120.423,68.147,188.525,07:59,4,64
07/17/26 06:00,121.78,66.316,188.119,120.5,68.258,188.692,08:00,4,64
07/17/26 06:01,121.903,65.89,187.796,120.442,68.392,188.81,08:01,4,64
07/17/26 06:02,122.123,66.214,188.334,120.608,68.2,188.775,08:02,4,64
07/17/26 06:03,122.003,66.529,188.528,120.7,68.053,188.773,08:03,4,64
07/17/26 06:04,121.633,66.759,188.394,120.608,68.05,188.658,08:04,4,64
07/17/26 06:05,121.613,67.25,188.863,120.522,68.122,188.643,08:05,4,64
07/17/26 06:06,121.413,66.511,187.915,120.5,67.983,188.425,08:06,4,64
07/17/26 06:07,121.403,66.052,187.461,120.448,67.9,188.3,08:07,4,64
07/17/26 06:08,121.29,66.187,187.445,120.5,67.875,188.333,08:08,4,64
07/17/26 06:09,121.57,66.257,187.825,120.442,67.858,188.257,08:09,4,64
07/17/26 06:10,121.797,66.445,188.236,120.4,67.775,188.2,08:10,4,64
07/17/26 06:11,121.9,66.358,188.257,120.458,67.82,188.278,08:11,4,64
07/17/26 06:12,120.83,66.443,187.269,120.433,67.567,188.025,08:12,4,64
07/17/26 06:13,120.49,66.25,186.743,120.603,67.507,188.107,08:13,4,64
07/17/26 06:14,120.33,65.808,186.141,120.575,67.525,188.125,08:14,4,64
07/17/26 06:15,120.893,65.783,186.683,120.58,67.57,188.125,08:15,4,64
07/17/26 06:16,121.33,65.994,187.322,120.483,67.608,188.083,08:16,4,64
07/17/26 06:17,120.69,66.014,186.693,120.355,67.757,188.107,08:17,4,64
07/17/26 06:18,120.617,65.775,186.408,120.333,67.7,188.058,08:18,4,64
07/17/26 06:19,120.597,65.857,186.46,119.982,68.197,188.153,08:19,4,64
07/17/26 06:20,120.33,66.023,186.392,119.683,68.308,187.983,08:20,4,64
07/17/26 06:21,120.49,65.501,185.966,119.608,68.118,187.747,08:21,4,64
07/17/26 06:22,120.563,65.378,185.937,119.417,68.033,187.475,08:22,4,64
07/17/26 06:23,120.617,65.548,186.139,119.197,67.98,187.165,08:23,4,64
07/17/26 06:24,120.407,65.821,186.232,119.075,67.833,186.975,08:24,4,64
07/17/26 06:25,120.527,66.229,186.751,118.847,68.223,187.07,08:25,4,64
07/17/26 06:26,120.223,66.288,186.523,119.042,67.933,186.975,08:26,4,64
07/17/26 06:27,119.99,66.245,186.236,119.08,67.907,186.948,08:27,4,64
07/17/26 06:28,120.303,65.685,185.99,118.925,67.767,186.675,08:28,4,64
07/17/26 06:29,120.403,65.907,186.333,118.85,67.775,186.68,08:29,4,64
07/17/26 06:30,121.17,65.995,187.148,119.208,67.467,186.675,08:30,4,64
07/17/26 06:31,121.167,65.754,186.915,119.435,67.293,186.728,08:31,4,64
07/17/26 06:32,121.097,65.978,187.083,119.508,67.108,186.583,08:32,4,64
07/17/26 06:33,121.01,66.549,187.553,119.483,67.075,186.558,08:33,4,64
07/17/26 06:34,121.42,65.816,187.241,119.75,66.992,186.767,08:34,4,64
07/17/26 06:35,121.367,65.405,186.774,119.937,67.232,187.157,08:35,4,64
07/17/26 06:36,121.573,65.192,186.781,120.117,67.2,187.317,08:36,4,64
07/17/26 06:37,121.82,65.743,187.528,120.097,67.435,187.498,08:37,4,64
07/17/26 06:38,121.433,66.369,187.812,120.025,67.433,187.492,08:38,4,64
07/17/26 06:39,121.107,66.439,187.551,120.237,67.388,187.6,08:39,4,64
07/17/26 06:40,120.597,66.63,187.21,120.083,67.642,187.717,08:40,4,64
07/17/26 06:41,120.913,66.219,187.12,119.997,67.617,187.58,08:41,4,64
07/17/26 06:42,121.323,66.018,187.339,119.808,67.592,187.4,08:42,4,64
07/17/26 06:43,121.483,65.867,187.347,119.825,67.53,187.322,08:43,4,64
07/17/26 06:44,121.723,66.045,187.764,119.958,67.4,187.333,08:44,4,64
07/17/26 06:45,121.963,65.652,187.62,119.975,67.315,187.3,08:45,4,64
07/17/26 06:46,122.257,65.862,188.115,119.925,67.55,187.475,08:46,4,64
07/17/26 06:47,121.967,66.18,188.099,120.025,67.523,187.567,08:47,4,64
07/17/26 06:48,121.823,65.976,187.828,120.042,67.675,187.75,08:48,4,64
07/17/26 06:49,121.457,66.053,187.515,120,67.833,187.8,08:49,4,64
07/17/26 06:50,121.503,65.48,186.985,119.942,68.092,187.975,08:50,4,64
07/17/26 06:51,121.703,65.524,187.229,119.92,68.333,188.257,08:51,4,64
07/17/26 06:52,121.997,66.063,188.029,120.05,68.125,188.15,08:52,4,64
07/17/26 06:53,121.867,66.345,188.194,120.198,68.038,188.237,08:53,4,64
07/17/26 06:54,121.207,66.337,187.554,120.2,67.983,188.183,08:54,4,64
07/17/26 06:55,120.957,65.923,186.885,120.395,67.642,188.017,08:55,4,64
07/17/26 06:56,121.35,65.333,186.721,120.533,67.6,188.108,08:56,4,64
07/17/26 06:57,121.667,65.415,187.088,120.5,67.78,188.258,08:57,4,64
07/17/26 06:58,121.517,65.563,187.076,120.533,67.875,188.408,08:58,4,64
07/17/26 06:59,121.737,65.762,187.469,120.422,68.285,188.732,08:59,4,64
07/17/26 07:00,121.835,65.888,187.672,120.55,68.025,188.583,09:00,4,64
07/17/26 07:01,120.58,66.709,187.307,120.62,67.978,188.632,09:01,4,64
07/17/26 07:02,120.867,66.364,187.25,120.6,68.15,188.717,09:02,4,64
07/17/26 07:03,121.507,65.449,186.951,120.757,67.932,188.688,09:03,4,64
07/17/26 07:04,121.493,65.178,186.669,120.892,67.75,188.617,09:04,4,64
07/17/26 07:05,121.89,65.282,187.165,120.847,67.538,188.417,09:05,4,64
07/17/26 07:06,121.997,65.898,187.898,120.9,67.392,188.292,09:06,4,64
07/17/26 07:07,121.517,66.462,187.993,120.797,67.675,188.438,09:07,4,64
07/17/26 07:08,120.79,66.462,187.254,120.758,67.792,188.55,09:08,4,64
07/17/26 07:09,120.597,66.513,187.137,120.75,67.95,188.725,09:09,4,64
07/17/26 07:10,120.85,65.593,186.489,120.575,68.1,188.683,09:10,4,64
07/17/26 07:11,120.983,65.305,186.311,120.475,67.98,188.422,09:11,4,64
07/17/26 07:12,120.987,65.65,186.612,120.317,68.375,188.658,09:12,4,64
07/17/26 07:13,121.22,65.908,187.101,120.157,68.438,188.587,09:13,4,64
07/17/26 07:14,121.073,65.963,187.093,120.108,68.467,188.583,09:14,4,64
07/17/26 07:15,121.133,65.697,186.85,119.863,68.52,188.383,09:15,4,64
07/17/26 07:16,120.743,65.716,186.466,119.708,68.475,188.183,09:16,4,64
07/17/26 07:17,120.377,65.764,186.155,119.597,68.503,188.125,09:17,4,64
07/17/26 07:18,120.18,66.236,186.44,119.533,68.6,188.108,09:18,4,64
07/17/26 07:19,120.637,65.738,186.368,119.457,68.457,187.895,09:19,4,64
07/17/26 07:20,121.01,65.358,186.363,119.283,68.533,187.817,09:20,4,64
07/17/26 07:21,120.747,65.795,186.527,119.258,68.343,187.622,09:21,4,64
07/17/26 07:22,120.213,66.231,186.45,119.333,68.117,187.517,09:22,4,64
07/17/26 07:23,120.463,65.968,186.428,119.3,67.977,187.243,09:23,4,64
07/17/26 07:24,120.613,65.5,186.132,119.3,67.808,187.142,09:24,4,64
07/17/26 07:25,120.713,65.362,186.076,119.3,67.878,187.178,09:25,4,64
07/17/26 07:26,120.43,65.643,186.104,119.3,67.75,187.05,09:26,4,64
07/17/26 07:27,120.56,65.818,186.35,119.118,67.75,186.868,09:27,4,64
07/17/26 07:28,120.697,65.493,186.189,119.15,67.725,186.817,09:28,4,64
07/17/26 07:29,120.183,65.575,185.797,119.2,67.653,186.798,09:29,4,64
07/17/26 07:30,120.22,66.275,186.505,119.2,67.642,186.867,09:30,4,64
07/17/26 07:31,120.457,65.577,186.082,119.2,67.637,186.858,09:31,4,64
07/17/26 07:32,120.907,65.265,186.174,119.283,67.617,186.9,09:32,4,64
07/17/26 07:33,121.033,65.22,186.297,119.502,67.558,187.078,09:33,4,64
07/17/26 07:34,121.46,65.529,186.946,119.692,67.45,187.142,09:34,4,64
07/17/26 07:35,120.78,66.235,187.032,119.547,67.587,187.133,09:35,4,64
07/17/26 07:36,120.843,66.27,187.104,119.525,67.533,187.092,09:36,4,64
07/17/26 07:37,121.387,65.562,186.955,119.595,67.82,187.415,09:37,4,64
07/17/26 07:38,121.417,65.889,187.333,119.65,67.883,187.5,09:38,4,64
07/17/26 07:39,121.64,65.524,187.155,119.667,67.775,187.442,09:39,4,64
07/17/26 07:40,121.71,65.179,186.871,119.642,67.808,187.483,09:40,4,64
07/17/26 07:41,121.793,65.32,187.096,119.832,67.838,187.645,09:41,4,64
07/17/26 07:42,121.423,66.031,187.478,120.008,67.758,187.758,09:42,4,64
07/17/26 07:43,121.703,65.804,187.501,119.922,67.775,187.697,09:43,4,64
07/17/26 07:44,121.033,66.121,187.172,120.017,67.425,187.442,09:44,4,64
07/17/26 07:45,120.637,66.44,187.096,120.017,67.373,187.423,09:45,4,64
07/17/26 07:46,121.333,65.505,186.83,119.9,67.583,187.483,09:46,4,64
07/17/26 07:47,121.363,65.937,187.298,119.848,67.718,187.6,09:47,4,64
07/17/26 07:48,121.837,65.842,187.68,119.783,67.85,187.692,09:48,4,64
07/17/26 07:49,121.98,65.413,187.427,119.86,67.943,187.802,09:49,4,64
07/17/26 07:50,121.17,65.934,187.127,120.058,67.908,187.958,09:50,4,64
07/17/26 07:51,121.213,66.186,187.432,120.1,67.9,188,09:51,4,64
07/17/26 07:52,121.507,65.924,187.439,120.183,67.758,187.942,09:52,4,64
07/17/26 07:53,121.21,65.772,186.984,120.442,67.36,187.777,09:53,4,64
07/17/26 07:54,121.87,65.382,187.218,120.625,67.083,187.7,09:54,4,64
07/17/26 07:55,122.317,65.396,187.703,120.7,67.025,187.758,09:55,4,64
07/17/26 07:56,122.09,66.014,188.066,120.667,67.25,187.925,09:56,4,64
07/17/26 07:57,121.397,66.166,187.593,120.622,67.325,187.945,09:57,4,64
07/17/26 07:58,121.27,66.399,187.697,120.567,67.492,188.058,09:58,4,64
07/17/26 07:59,121.243,66.293,187.533,120.678,67.608,188.287,09:59,4,64
07/17/26 08:00,121.713,65.449,187.189,120.552,67.832,188.417,10:00,estab,32
07/17/26 08:01,121.317,65.757,187.045,120.425,67.957,188.382,10:01,estab,32
07/17/26 08:02,122.027,65.577,187.586,120.4,67.943,188.377,10:02,estab,32
07/17/26 08:03,122.05,65.901,187.956,120.277,67.957,188.205,10:03,estab,32
07/17/26 08:04,121.477,66.284,187.783,120.105,68.038,188.138,10:04,estab,32
07/17/26 08:05,121.627,65.936,187.565,120.1,67.815,187.882,10:05,estab,32
07/17/26 08:06,123.443,64.288,187.785,120.65,67.208,187.892,10:06,estab,32
07/17/26 08:07,135.823,52.307,188.082,123.375,64.467,187.842,10:07,estab,32
07/17/26 08:08,148.152,38.752,186.905,128.125,59.525,187.675,10:08,estab,32
07/17/26 08:09,153.273,33.822,187.07,132.887,54.792,187.7,10:09,estab,32
07/17/26 08:10,154.59,33.214,187.769,137.992,49.733,187.725,10:10,5,32
07/17/26 08:11,154.227,33.804,188.046,142.668,45.215,187.903,10:11,5,32
07/17/26 08:12,153.737,34.01,187.775,147.733,40.425,188.133,10:12,5,32
07/17/26 08:13,154.217,33.352,187.567,151.275,36.8,188.053,10:13,5,32
07/17/26 08:14,153.78,33.512,187.275,152.683,35.558,188.208,10:14,5,32
07/17/26 08:15,153.707,33.328,187.03,152.767,35.528,188.262,10:15,5,32
07/17/26 08:16,154.333,32.661,186.984,152.65,35.642,188.325,10:16,5,32
07/17/26 08:17,154.073,32.797,186.878,152.575,35.642,188.242,10:17,5,32
07/17/26 08:18,153.983,32.93,186.911,152.592,35.567,188.142,10:18,5,32
07/17/26 08:19,153.733,33.039,186.764,152.497,35.663,188.158,10:19,5,32
07/17/26 08:20,153.347,33.342,186.685,152.408,35.533,187.942,10:20,5,32
07/17/26 08:21,153.23,33.271,186.505,152.3,35.238,187.518,10:21,5,32
07/17/26 08:22,153.403,33.27,186.669,152.333,35.042,187.375,10:22,5,32
07/17/26 08:23,153.303,33.804,187.141,152.275,34.86,187.168,10:23,5,32
07/17/26 08:24,153.407,33.753,187.178,152.2,34.967,187.167,10:24,5,32
07/17/26 08:25,153.88,33.624,187.514,152.122,34.942,187.063,10:25,5,32
07/17/26 08:26,153.4,33.701,187.115,152.075,34.858,186.967,10:26,5,32
07/17/26 08:27,153.133,33.534,186.692,151.972,35.165,187.215,10:27,5,32
07/17/26 08:28,153.113,33.154,186.268,152.008,35.333,187.383,10:28,5,32
07/17/26 08:29,153.637,32.99,186.608,151.843,35.662,187.505,10:29,5,32
07/17/26 08:30,154.13,32.835,186.963,151.733,35.683,187.417,10:30,5,32
07/17/26 08:31,154.1,33.236,187.333,151.853,35.36,187.193,10:31,5,32
07/17/26 08:32,153.83,33.565,187.407,151.683,35.258,186.942,10:32,5,32
07/17/26 08:33,153.657,34.236,187.885,151.575,35.3,186.855,10:33,5,32
07/17/26 08:34,154.007,33.872,187.895,151.592,35.117,186.708,10:34,5,32
07/17/26 08:35,153.52,33.264,186.802,151.62,34.898,186.518,10:35,5,32
07/17/26 08:36,152.957,32.964,185.913,151.717,34.675,186.425,10:36,5,32
07/17/26 08:37,153.983,32.642,186.654,151.878,34.792,186.67,10:37,5,32
07/17/26 08:38,154.43,32.906,187.31,151.983,34.95,186.933,10:38,5,32
07/17/26 08:39,153.767,33.46,187.22,152.183,34.942,187.125,10:39,5,32
07/17/26 08:40,153.33,34.031,187.384,152.417,34.967,187.383,10:40,5,32
07/17/26 08:41,153.657,34.183,187.808,152.475,35.132,187.607,10:41,5,32
07/17/26 08:42,154.033,33.912,187.954,152.342,35.433,187.833,10:42,5,32
07/17/26 08:43,154.723,33.122,187.876,152.378,35.537,187.937,10:43,5,32
07/17/26 08:44,154.97,32.865,187.809,152.392,35.458,187.883,10:44,5,32
07/17/26 08:45,155.147,33.035,188.171,152.447,35.353,187.8,10:45,5,32
07/17/26 08:46,154.633,33.319,187.917,152.525,35.133,187.625,10:46,5,32
07/17/26 08:47,153.943,33.785,187.712,152.522,34.9,187.422,10:47,5,32
07/17/26 08:48,154.377,33.282,187.702,152.558,34.842,187.4,10:48,5,32
07/17/26 08:49,154.08,33.587,187.709,152.79,34.61,187.4,10:49,5,32
07/17/26 08:50,154.063,33.507,187.598,152.833,34.542,187.433,10:50,5,32
07/17/26 08:51,154.537,32.934,187.435,152.8,34.612,187.458,10:51,5,32
07/17/26 08:52,154.81,33.273,188.067,152.892,34.592,187.492,10:52,5,32
07/17/26 08:53,154.533,33.283,187.852,152.842,34.817,187.703,10:53,5,32
07/17/26 08:54,153.99,33.585,187.586,152.95,34.958,187.917,10:54,5,32
07/17/26 08:55,154.09,33.847,187.953,153.103,34.922,188.005,10:55,5,32
07/17/26 08:56,154.166,33.356,187.522,153.108,35.108,188.258,10:56,5,32
07/17/26 08:57,154.48,32.717,187.169,153.312,35.013,188.327,10:57,5,32
07/17/26 08:58,154.943,32.36,187.319,153.333,35.142,188.55,10:58,5,32
07/17/26 08:59,154.7,33.21,187.916,153.47,35.225,188.72,10:59,5,32
07/17/26 09:00,154.2,33.713,187.932,153.692,35.1,188.8,11:00,5,32
07/17/26 09:01,153.737,33.69,187.432,153.7,35,188.7,11:01,5,32
07/17/26 09:02,153.9,33.858,187.718,153.517,35.275,188.733,11:02,5,32
07/17/26 09:03,154.373,33.929,188.29,153.533,35.227,188.758,11:03,5,32
07/17/26 09:04,154.447,33.044,187.492,153.5,35.333,188.833,11:04,5,32
07/17/26 09:05,154.563,32.823,187.409,153.417,35.242,188.638,11:05,5,32
07/17/26 09:06,154.693,33.438,188.124,153.183,35.233,188.417,11:06,5,32
07/17/26 09:07,154.457,33.898,188.346,153.178,35.337,188.49,11:07,5,32
07/17/26 09:08,154.2,33.878,188.036,153.258,35.308,188.558,11:08,5,32
07/17/26 09:09,153.573,34.099,187.7,153.325,35.217,188.575,11:09,5,32
07/17/26 09:10,154.29,33.552,187.821,153.283,35.308,188.592,11:10,5,32
07/17/26 09:11,154.987,32.541,187.554,153.278,35.405,188.683,11:11,5,32
07/17/26 09:12,154.87,32.344,187.215,153.267,35.558,188.825,11:12,5,32
07/17/26 09:13,154.12,33.444,187.604,153.353,35.513,188.867,11:13,5,32
07/17/26 09:14,154.073,33.706,187.78,153.183,35.633,188.817,11:14,5,32
07/17/26 09:15,154.007,33.592,187.597,153.095,35.6,188.675,11:15,5,32
07/17/26 09:16,153.513,33.774,187.276,153.008,35.65,188.658,11:16,5,32
07/17/26 09:17,153.503,33.814,187.308,152.978,35.54,188.518,11:17,5,32
07/17/26 09:18,154.31,32.958,187.256,152.783,35.425,188.217,11:18,5,32
07/17/26 09:19,154.097,33.112,187.22,152.638,35.637,188.278,11:19,5,32
07/17/26 09:20,154.3,33.294,187.604,152.508,35.642,188.092,11:20,5,32
07/17/26 09:21,154.677,33.786,188.467,152.272,35.622,187.96,11:21,5,32
07/17/26 09:22,154.213,33.882,188.098,151.983,35.867,187.817,11:22,5,32
07/17/26 09:23,153.97,33.381,187.359,151.777,35.783,187.56,11:23,5,32
07/17/26 09:24,153.487,33.196,186.687,151.642,35.792,187.442,11:24,5,32
07/17/26 09:25,153.38,33.443,186.83,151.625,35.593,187.172,11:25,5,32
07/17/26 09:26,153.733,33.181,186.905,151.583,35.375,186.95,11:26,5,32
07/17/26 09:27,154.303,32.973,187.273,151.55,35.197,186.722,11:27,5,32
07/17/26 09:28,154.303,33.495,187.798,151.75,35.2,186.908,11:28,5,32
07/17/26 09:29,154.357,33.628,187.988,151.9,35.075,186.942,11:29,5,32
07/17/26 09:30,153.95,33.722,187.689,151.9,35.117,187.017,11:30,5,32
07/17/26 09:31,153.953,33.657,187.653,151.9,35.148,187.048,11:31,5,32
07/17/26 09:32,154.343,32.998,187.361,151.867,35.242,187.133,11:32,5,32
07/17/26 09:33,154.2,33.004,187.21,151.9,35.29,187.187,11:33,5,32
07/17/26 09:34,154.507,33.015,187.512,151.842,35.333,187.167,11:34,5,32
07/17/26 09:35,154.587,33.378,187.94,151.663,35.383,187.047,11:35,5,32
07/17/26 09:36,154.1,34.189,188.296,151.508,35.508,187.042,11:36,5,32
07/17/26 09:37,154.143,34.047,188.184,151.338,35.375,186.76,11:37,5,32
07/17/26 09:38,154.44,33.22,187.674,151.208,35.367,186.608,11:38,5,32
07/17/26 09:39,154.413,33.317,187.729,151.237,35.118,186.377,11:39,5,32
07/17/26 09:40,154.423,33.089,187.489,151.117,35.008,186.158,11:40,5,32
07/17/26 09:41,154.743,33.364,188.109,151.125,34.973,186.132,11:41,5,32
07/17/26 09:42,155.227,33.378,188.602,151.2,34.717,185.917,11:42,5,32
07/17/26 09:43,155.17,33.239,188.422,151.2,34.738,185.88,11:43,5,32
07/17/26 09:44,154.6,33.552,188.19,151.442,34.675,186.108,11:44,5,32
07/17/26 09:45,154.64,33.384,188.02,151.612,34.857,186.415,11:45,5,32
07/17/26 09:46,154.607,33.01,187.619,151.625,34.933,186.592,11:46,5,32
07/17/26 09:47,154.77,33.34,188.12,151.725,35.012,186.712,11:47,5,32
07/17/26 09:48,155.35,33.535,188.878,151.8,34.942,186.725,11:48,5,32
07/17/26 09:49,155.037,33.673,188.724,151.8,34.9,186.722,11:49,5,32
07/17/26 09:50,154.73,34.092,188.781,151.75,35.125,186.875,11:50,5,32
07/17/26 09:51,154.637,34.103,188.722,151.65,35.267,186.95,11:51,5,32
07/17/26 09:52,154.72,33.733,188.471,151.742,35.175,186.917,11:52,5,32
07/17/26 09:53,155.303,33.365,188.665,151.733,35.482,187.19,11:53,5,32
07/17/26 09:54,155.033,33.405,188.538,151.792,35.508,187.317,11:54,5,32
07/17/26 09:55,155.15,33.97,189.186,151.927,35.552,187.502,11:55,5,32
07/17/26 09:56,155.18,34.448,189.62,152.283,35.467,187.717,11:56,5,32
07/17/26 09:57,155.433,34.014,189.468,152.437,35.397,187.825,11:57,5,32
07/17/26 09:58,155.757,33.809,189.54,152.592,35.233,187.833,11:58,5,32
07/17/26 09:59,155.507,33.733,189.237,152.737,35.11,187.88,11:59,5,32
07/17/26 10:00,155.213,34,189.221,152.8,35.125,187.958,12:00,5,32
07/17/26 10:01,155.24,33.687,188.98,152.845,35.292,188.142,12:01,5,32
07/17/26 10:02,155.593,33.388,189.025,153.083,35.025,188.092,12:02,5,32
07/17/26 10:03,155.67,33.139,188.801,153.183,34.93,188.112,12:03,5,32
07/17/26 10:04,155.66,33.063,188.726,153.358,34.95,188.308,12:04,5,32
07/17/26 10:05,155.14,33.223,188.418,153.342,35.04,188.382,12:05,5,32
07/17/26 10:06,154.8,33.792,188.609,153.267,35.2,188.433,12:06,5,32
07/17/26 10:07,155.103,33.334,188.404,153.437,34.988,188.478,12:07,5,32
07/17/26 10:08,155.24,33.459,188.685,153.567,34.75,188.342,12:08,5,32
07/17/26 10:09,154.587,33.583,188.148,153.45,35.007,188.445,12:09,5,32
07/17/26 10:10,155.443,33.131,188.553,153.175,35.35,188.592,12:10,5,32
07/17/26 10:11,155.52,33.338,188.868,153.2,35.342,188.542,12:11,5,32
07/17/26 10:12,154.593,34.05,188.658,153.317,35.15,188.408,12:12,5,32
07/17/26 10:13,154.72,34.088,188.778,153.375,35.113,188.433,12:13,5,32
07/17/26 10:14,154.777,33.965,188.732,153.208,35.25,188.458,12:14,5,32
07/17/26 10:15,154.51,33.69,188.176,153.063,35.417,188.48,12:15,5,32
07/17/26 10:16,154.127,34.083,188.184,153,35.383,188.375,12:16,5,32
07/17/26 10:17,154.503,33.68,188.199,152.922,35.378,188.322,12:17,5,32
07/17/26 10:18,155.01,33.552,188.556,152.808,35.317,188.125,12:18,5,32
07/17/26 10:19,154.697,34.039,188.699,152.677,35.248,187.95,12:19,5,32
07/17/26 10:20,154.473,33.657,188.133,152.542,35.067,187.617,12:20,5,32
07/17/26 10:21,154.4,33.379,187.803,152.343,35.075,187.438,12:21,5,32
07/17/26 10:22,154.55,33.256,187.854,152.208,35.058,187.275,12:22,5,32
07/17/26 10:23,154.783,33.102,187.911,152.148,34.992,187.065,12:23,5,32
07/17/26 10:24,154.317,33.836,188.159,152.108,34.525,186.633,12:24,5,32
07/17/26 10:25,154.6,33.42,188.02,151.943,34.528,186.472,12:25,5,32
07/17/26 10:26,154.327,33.346,187.683,151.9,34.425,186.325,12:26,5,32
07/17/26 10:27,154.233,33.651,187.904,151.882,34.442,186.298,12:27,5,32
07/17/26 10:28,154.47,33.271,187.733,151.742,34.433,186.2,12:28,5,32
07/17/26 10:29,154.717,33.086,187.873,151.722,34.523,186.245,12:29,5,32
07/17/26 10:30,155.143,32.998,188.184,151.642,34.75,186.392,12:30,5,32
07/17/26 10:31,155.19,33.137,188.375,151.703,34.937,186.64,12:31,5,32
07/17/26 10:32,154.923,33.653,188.591,151.683,35.167,186.883,12:32,5,32
07/17/26 10:33,154.383,34.102,188.522,151.625,35.375,187.025,12:33,5,32
07/17/26 10:34,154.243,33.917,188.186,151.725,35.458,187.192,12:34,5,32
07/17/26 10:35,154.593,33.619,188.249,151.825,35.305,187.097,12:35,5,32
07/17/26 10:36,154.423,33.464,187.891,151.9,34.958,186.883,12:36,5,32
07/17/26 10:37,154.457,33.39,187.891,151.925,34.75,186.73,12:37,5,32
07/17/26 10:38,154.54,33.413,187.955,151.967,34.6,186.567,12:38,5,32
07/17/26 10:39,154.707,33.844,188.541,152.025,34.438,186.463,12:39,5,32
07/17/26 10:40,154.733,33.596,188.337,151.892,34.392,186.283,12:40,5,32
07/17/26 10:41,154.22,33.638,187.892,151.775,34.503,186.278,12:41,5,32
07/17/26 10:42,154.247,33.375,187.604,151.65,34.675,186.358,12:42,5,32
07/17/26 10:43,154.52,33.164,187.674,151.467,34.945,186.4,12:43,5,32
07/17/26 10:44,154.853,33.451,188.348,151.35,35.15,186.525,12:44,5,32
07/17/26 10:45,154.937,33.621,188.532,151.3,35.147,186.447,12:45,5,32
07/17/26 10:46,154.377,33.833,188.242,151.383,35.2,186.592,12:46,5,32
07/17/26 10:47,154.573,33.545,188.116,151.513,35.298,186.79,12:47,5,32
07/17/26 10:48,154.517,33.523,188.019,151.383,35.358,186.742,12:48,5,32
07/17/26 10:49,154.32,33.902,188.218,151.417,35.395,186.753,12:49,5,32
07/17/26 10:50,154.79,33.633,188.44,151.5,35.217,186.708,12:50,5,32
07/17/26 10:51,155.227,33.492,188.714,151.422,35.178,186.6,12:51,5,32
07/17/26 10:52,155.496,33.368,188.858,151.55,35.283,186.808,12:52,5,32
07/17/26 10:53,155.487,33.413,188.901,151.6,35.198,186.777,12:53,5,32
07/17/26 10:54,155.433,33.751,189.188,151.675,34.967,186.608,12:54,5,32
07/17/26 10:55,155.06,34.128,189.172,152.003,34.733,186.737,12:55,5,32
07/17/26 10:56,154.86,33.956,188.854,152.1,34.733,186.858,12:56,5,32
07/17/26 10:57,154.83,33.362,188.322,152.203,34.7,186.88,12:57,5,32
07/17/26 10:58,155.243,33.16,188.393,152.3,34.583,186.875,12:58,5,32
07/17/26 10:59,155.463,33.406,188.894,152.358,34.487,186.812,12:59,5,32
07/17/26 11:00,155.387,33.554,188.944,152.483,34.475,186.925,13:00,5,32
